<?xml version="1.0" encoding="UTF-8"?><StructureDefinition xmlns="http://hl7.org/fhir"><id value="string320"/><text><status value="generated"/><div xmlns="http://www.w3.org/1999/xhtml"><table border="0" cellpadding="0" cellspacing="0" style="border: 0px #F0F0F0 solid; font-size: 11px; font-family: verdana; vertical-align: top;"><tr style="border: 1px #F0F0F0 solid; font-size: 11px; font-family: verdana; vertical-align: top;"><th style="vertical-align: top; text-align : left; background-color: white; border: 0px #F0F0F0 solid; padding:0px 4px 0px 4px" class="hierarchy"><a href="http://hl7.org/fhir/R4/formats.html#table" title="The logical name of the element">Name</a></th><th style="vertical-align: top; text-align : left; background-color: white; border: 0px #F0F0F0 solid; padding:0px 4px 0px 4px" class="hierarchy"><a href="http://hl7.org/fhir/R4/formats.html#table" title="Information about the use of the element">Flags</a></th><th style="vertical-align: top; text-align : left; background-color: white; border: 0px #F0F0F0 solid; padding:0px 4px 0px 4px" class="hierarchy"><a href="http://hl7.org/fhir/R4/formats.html#table" title="Minimum and Maximum # of times the the element can appear in the instance">Card.</a></th><th style="width: 100px" class="hierarchy"><a href="http://hl7.org/fhir/R4/formats.html#table" title="Reference to the type of the element">Type</a></th><th style="vertical-align: top; text-align : left; background-color: white; border: 0px #F0F0F0 solid; padding:0px 4px 0px 4px" class="hierarchy"><a href="http://hl7.org/fhir/R4/formats.html#table" title="Additional information about the element">Description &amp; Constraints</a><span style="float: right"><a href="http://hl7.org/fhir/R4/formats.html#table" title="Legend for this format"><img src="http://hl7.org/fhir/R4/help16.png" alt="doco" style="background-color: inherit"/></a></span></th></tr><tr style="border: 0px #F0F0F0 solid; padding:0px; vertical-align: top; background-color: white;"><td style="vertical-align: top; text-align : left; background-color: white; border: 0px #F0F0F0 solid; padding:0px 4px 0px 4px; white-space: nowrap; background-image: url(tbl_bck1.png)" class="hierarchy"><img src="tbl_spacer.png" alt="." style="background-color: inherit" class="hierarchy"/><img src="icon_element.gif" alt="." style="background-color: white; background-color: inherit" title="Element" class="hierarchy"/> <a href="{{[id]}}-definitions.html#string320" title="A string limited to 320 characters">string320</a><a name="string320"> </a></td><td style="vertical-align: top; text-align : left; background-color: white; border: 0px #F0F0F0 solid; padding:0px 4px 0px 4px" class="hierarchy"/><td style="vertical-align: top; text-align : left; background-color: white; border: 0px #F0F0F0 solid; padding:0px 4px 0px 4px" class="hierarchy">0..*</td><td style="vertical-align: top; text-align : left; background-color: white; border: 0px #F0F0F0 solid; padding:0px 4px 0px 4px" class="hierarchy"/><td style="vertical-align: top; text-align : left; background-color: white; border: 0px #F0F0F0 solid; padding:0px 4px 0px 4px" class="hierarchy">String 320 characters<br/></td></tr>
<tr style="border: 0px #F0F0F0 solid; padding:0px; vertical-align: top; background-color: #F7F7F7;"><td style="vertical-align: top; text-align : left; background-color: #F7F7F7; border: 0px #F0F0F0 solid; padding:0px 4px 0px 4px; white-space: nowrap; background-image: url(tbl_bck00.png)" class="hierarchy"><img src="tbl_spacer.png" alt="." style="background-color: inherit" class="hierarchy"/><img src="tbl_vjoin_end.png" alt="." style="background-color: inherit" class="hierarchy"/><img src="icon_primitive.png" alt="." style="background-color: #F7F7F7; background-color: inherit" title="Primitive Data Type" class="hierarchy"/> <a href="{{[id]}}-definitions.html#string320.value" title="Primitive value for string320">value</a><a name="string320.value"> </a></td><td style="vertical-align: top; text-align : left; background-color: #F7F7F7; border: 0px #F0F0F0 solid; padding:0px 4px 0px 4px" class="hierarchy"/><td style="vertical-align: top; text-align : left; background-color: #F7F7F7; border: 0px #F0F0F0 solid; padding:0px 4px 0px 4px" class="hierarchy">0..1</td><td style="vertical-align: top; text-align : left; background-color: #F7F7F7; border: 0px #F0F0F0 solid; padding:0px 4px 0px 4px" class="hierarchy"><a href="http://hl7.org/fhir/R4/datatypes.html#string">string</a></td><td style="vertical-align: top; text-align : left; background-color: #F7F7F7; border: 0px #F0F0F0 solid; padding:0px 4px 0px 4px" class="hierarchy">Primitive value for string320<br/><span style="font-weight:bold">Max Length: </span><span style="color: darkgreen">320</span></td></tr>
<tr><td colspan="5" class="hierarchy"><br/><a href="http://hl7.org/fhir/R4/formats.html#table" title="Legend for this format"><img src="http://hl7.org/fhir/R4/help16.png" alt="doco" style="background-color: inherit"/> Documentation for this format</a></td></tr></table></div></text><url value="https://www.ehealth.fgov.be/standards/fhir/StructureDefinition/string320"/><version value="4.0.1"/><name value="String320"/><status value="active"/><date value="2019-10-21T22:31:33+02:00"/><publisher value="HL7 Belgium"/><contact><telecom><system value="other"/><value value="http://hl7.org/Special/committees/fiwg"/></telecom></contact><description value="String with up to 320 characters"/><jurisdiction><coding><system value="http://unstats.un.org/unsd/methods/m49/m49.htm"/><code value="001"/></coding></jurisdiction><fhirVersion value="4.0.1"/><kind value="primitive-type"/><abstract value="false"/><type value="string320"/><baseDefinition value="http://hl7.org/fhir/StructureDefinition/string"/><derivation value="constraint"/><snapshot><element id="string320"><path value="string320"/><short value="Primitive Type string320"/><definition value="A string that may contain Github Flavored Markdown syntax for optional processing by a        mark down presentation engine"/><comment value="Systems are not required to have markdown support, so the text should be readable without        markdown processing. The markdown syntax is GFM - see https://github.github.com/gfm/"/><min value="0"/><max value="*"/><base><path value="string320"/><min value="0"/><max value="*"/></base><constraint><key value="ele-1"/><severity value="error"/><human value="All FHIR elements must have a @value or children"/><expression value="hasValue() or (children().count() &gt; id.count())"/><xpath value="@value|f:*|h:div"/><source value="Element"/></constraint><isModifier value="false"/><isSummary value="false"/></element><element id="string320.id"><path value="string320.id"/><representation value="xmlAttr"/><short value="xml:id (or equivalent in JSON)"/><definition value="unique id for the element within a resource (for internal references)"/><min value="0"/><max value="1"/><base><path value="Element.id"/><min value="0"/><max value="1"/></base><type><code value="string"/></type><isModifier value="false"/><isSummary value="false"/></element><element id="string320.extension"><path value="string320.extension"/><short value="Additional content defined by implementations"/><definition value="May be used to represent additional information that is not part of the basic definition        of the resource. To make the use of extensions safe and manageable, there is a strict        set of governance  applied to the definition and use of extensions. Though any implementer        can define an extension, there is a set of requirements that SHALL be met as part of the        definition of the extension."/><comment value="There can be no stigma associated with the use of extensions by any application, project,        or standard - regardless of the institution or jurisdiction that uses or defines the extensions.         The use of extensions is what allows the FHIR specification to retain a core level of        simplicity for everyone."/><alias value="extensions"/><alias value="user content"/><min value="0"/><max value="*"/><base><path value="Element.extension"/><min value="0"/><max value="*"/></base><type><code value="Extension"/></type><isModifier value="false"/><isSummary value="false"/></element><element id="string320.value"><path value="string320.value"/><representation value="xmlAttr"/><short value="Primitive value for string320"/><definition value="Primitive value for string320"/><min value="0"/><max value="1"/><base><path value="string.value"/><min value="0"/><max value="1"/></base><type><extension url="http://hl7.org/fhir/StructureDefinition/regex"><valueString value="[ \r\n\t\S]+"/></extension><code><extension url="http://hl7.org/fhir/StructureDefinition/structuredefinition-json-type"><valueString value="string"/></extension><extension url="http://hl7.org/fhir/StructureDefinition/structuredefinition-xml-type"><valueString value="xsd:string"/></extension><extension url="http://hl7.org/fhir/StructureDefinition/structuredefinition-rdf-type"><valueString value="xsd:string"/></extension></code></type><maxLength value="320"/><isModifier value="false"/><isSummary value="false"/></element></snapshot><differential><element id="string320"><path value="string320"/><short value="String 320 characters"/><definition value="A string limited to 320 characters"/><min value="0"/><max value="*"/></element><element id="string320.value"><path value="string320.value"/><representation value="xmlAttr"/><short value="Primitive value for string320"/><definition value="Primitive value for string320"/><min value="0"/><max value="1"/><type><extension url="http://hl7.org/fhir/StructureDefinition/regex"><valueString value="[ \r\n\t\S]+"/></extension><code><extension url="http://hl7.org/fhir/StructureDefinition/structuredefinition-json-type"><valueString value="string"/></extension><extension url="http://hl7.org/fhir/StructureDefinition/structuredefinition-xml-type"><valueString value="xsd:string"/></extension><extension url="http://hl7.org/fhir/StructureDefinition/structuredefinition-rdf-type"><valueString value="xsd:string"/></extension></code></type><maxLength value="320"/></element></differential></StructureDefinition>