{
  "resourceType": "AllergyIntolerance",
  "id": "allergyintolerance2",
  "meta": {
    "versionId": "1",
    "lastUpdated": "2019-07-01T13:30:55.864+00:00",
    "profile": [
      "https://www.ehealth.fgov.be/standards/fhir/StructureDefinition/be-allergyintolerance"
    ]
  },
  "text": {
    "status": "generated",
    "div": "<div xmlns=\"http://www.w3.org/1999/xhtml\">\n      <p>\n        <b>Generated Narrative with Details</b>\n      </p>\n      <p>\n        <b>clinicalStatus</b>: Active <span>(Details : {http://terminology.hl7.org/CodeSystem/allergyintolerance-clinical code 'active' = 'Active', given as 'Active'})</span></p>\n      <p>\n        <b>verificationStatus</b>: Confirmed <span>(Details : {http://terminology.hl7.org/CodeSystem/allergyintolerance-verification code 'confirmed' = 'Confirmed', given as 'Confirmed'})</span></p>\n      <p>\n        <b>type</b>: allergy</p>\n      <p>\n        <b>category</b>: environment</p>\n      <p>\n        <b>criticality</b>: high</p>\n      <p>\n        <b>code</b>: Pollen <span>(Details : {SNOMED CT code '256259004' = 'Pollen', given as 'Pollen'})</span></p>\n        <b>Mild cough reaction to Douglas fir</b>\n            <b>Severe cough reaction to Silver birch</b>\n    </div>"
  },
  "clinicalStatus": {
    "coding": [
      {
        "system": "http://terminology.hl7.org/CodeSystem/allergyintolerance-clinical",
        "code": "active",
        "display": "Active"
      }
    ]
  },
  "verificationStatus": {
    "coding": [
      {
        "system": "http://terminology.hl7.org/CodeSystem/allergyintolerance-verification",
        "code": "confirmed"
      }
    ]
  },
  "type": "allergy",
  "category": [
    "environment"
  ],
  "criticality": "high",
  "code": {
    "coding": [
      {
        "system": "http://snomed.info/sct",
        "code": "256259004",
        "display": "Pollen"
      }
    ],
    "text": "Allergic to pollen"
  },
  "patient": {
    "reference": "Patient/example"
  },
  "onsetDateTime": "2004",
  "recordedDate": "2014-10-09T14:58:00+11:00",
  "recorder": {
    "reference": "Practitioner/example"
  },
  "asserter": {
    "reference": "Patient/example"
  },
  "lastOccurrence": "2012-06",
  "note": [
    {
      "text": "Some extra information can be given here."
    }
  ],
  "reaction": [
    {
      "substance": {
        "coding": [
          {
            "system": "http://snomed.info/sct",
            "code": "256262001",
            "display": "Silver Birch pollen"
          }
        ]
      },
      "manifestation": [
        {
          "coding": [
            {
              "system": "http://snomed.info/sct",
              "code": "49727002",
              "display": "Cough"
            }
          ]
        }
      ],
      "onset": "2012-06-12",
      "severity": "severe"
    },
    {
      "substance": {
        "coding": [
          {
            "system": "http://snomed.info/sct",
            "code": "710732007",
            "display": "Douglas fir pollen"
          }
        ]
      },
      "manifestation": [
        {
          "coding": [
            {
              "system": "http://snomed.info/sct",
              "code": "49727002",
              "display": "Cough"
            }
          ]
        }
      ],
      "onset": "2012-06-12",
      "severity": "mild"
    }
  ]
}