{
  "resourceType": "ImplementationGuide",
  "id": "hl7.be.core",
  "text": {
    "status": "generated",
    "div": "<div xmlns=\"http://www.w3.org/1999/xhtml\"><h2>Core IG</h2><p>The official URL for this implementation guide is: </p><pre>https://www.ehealth.fgov.be/standards/fhir/ImplementationGuide/hl7.be.core</pre><div><p>The Core Belgian Profiles provide the essential and common requirement for FHIR implementations in Belgium</p>\n</div></div>"
  },
  "url": "https://www.ehealth.fgov.be/standards/fhir/ImplementationGuide/hl7.be.core",
  "name": "Core IG",
  "title": "The Core Belgian Federal Profiles",
  "status": "active",
  "experimental": false,
  "date": "2019-12-03T15:57:16+01:00",
  "publisher": "eHealth Platform",
  "contact": [
    {
      "telecom": [
        {
          "system": "other",
          "value": "http://hl7.org/Special/committees/fiwg"
        }
      ]
    }
  ],
  "description": "The Core Belgian Profiles provide the essential and common requirement for FHIR implementations in Belgium",
  "jurisdiction": [
    {
      "coding": [
        {
          "system": "http://unstats.un.org/unsd/methods/m49/m49.htm",
          "code": "001"
        }
      ]
    }
  ],
  "packageId": "hl7.be.core",
  "license": "CC0-1.0",
  "fhirVersion": [
    "4.0.1"
  ],
  "definition": {
    "grouping": [
      {
        "id": "logicalmodels",
        "name": "Logical Models",
        "description": "The common Belgian Logical Models - these can be mapped to KMEHR and FHIR"
      },
      {
        "id": "core",
        "name": "Core Profiles",
        "description": "Core resources to be reused in other resources"
      },
      {
        "name": "Conditions",
        "description": "Conditions and findings about patients"
      },
      {
        "id": "communication",
        "name": "Communication",
        "description": "Communication and Care Coordination"
      },
      {
        "id": "condition",
        "name": "Conditions",
        "description": "Resource profiles defined for conditions"
      },
      {
        "id": "medication",
        "name": "Medication",
        "description": "Resource profiles defined for medication"
      },
      {
        "id": "documents",
        "name": "Documents",
        "description": "Documents curated extracts of information - they represent a set of information for a given context at a given time."
      },
      {
        "id": "terminology",
        "name": "Terminology",
        "description": "Terminology resources - ValueSets and CodeSystems"
      },
      {
        "id": "examples",
        "name": "Examples",
        "description": "Examples for the different resources"
      }
    ],
    "resource": [
      {
        "extension": [
          {
            "url": "http://hl7.org/fhir/tools/StructureDefinition/resource-information",
            "valueString": "StructureDefinition:resource"
          },
          {
            "url": "http://hl7.org/fhir/StructureDefinition/implementationguide-page",
            "valueUri": "be-allergyintolerance.html"
          }
        ],
        "reference": {
          "reference": "StructureDefinition/be-allergyintolerance"
        },
        "fhirVersion": [
          "4.0.1"
        ],
        "name": "Allergy Intolerance core BE profile",
        "description": "The Core BE profile for Allergy Intolerance",
        "groupingId": "condition"
      },
      {
        "extension": [
          {
            "url": "http://hl7.org/fhir/tools/StructureDefinition/resource-information",
            "valueString": "StructureDefinition:resource"
          },
          {
            "url": "http://hl7.org/fhir/StructureDefinition/implementationguide-page",
            "valueUri": "be-patient.html"
          }
        ],
        "reference": {
          "reference": "StructureDefinition/be-patient"
        },
        "fhirVersion": [
          "4.0.1"
        ],
        "name": "Patient core BE profile",
        "description": "The Core BE profile for Patient",
        "groupingId": "core"
      },
      {
        "extension": [
          {
            "url": "http://hl7.org/fhir/tools/StructureDefinition/resource-information",
            "valueString": "StructureDefinition:resource"
          },
          {
            "url": "http://hl7.org/fhir/StructureDefinition/implementationguide-page",
            "valueUri": "be-practitioner.html"
          }
        ],
        "reference": {
          "reference": "StructureDefinition/be-practitioner"
        },
        "fhirVersion": [
          "4.0.1"
        ],
        "name": "Practitioner core BE profile",
        "description": "The Core BE profile for Practitioner",
        "groupingId": "core"
      },
      {
        "extension": [
          {
            "url": "http://hl7.org/fhir/tools/StructureDefinition/resource-information",
            "valueString": "StructureDefinition:resource"
          },
          {
            "url": "http://hl7.org/fhir/StructureDefinition/implementationguide-page",
            "valueUri": "be-observation.html"
          }
        ],
        "reference": {
          "reference": "StructureDefinition/be-observation"
        },
        "fhirVersion": [
          "4.0.1"
        ],
        "name": "Observation core BE profile",
        "description": "The Core BE profile for Observation",
        "groupingId": "condition"
      },
      {
        "extension": [
          {
            "url": "http://hl7.org/fhir/tools/StructureDefinition/resource-information",
            "valueString": "StructureDefinition:complex-type"
          },
          {
            "url": "http://hl7.org/fhir/StructureDefinition/implementationguide-page",
            "valueUri": "be-observationcodeableconcept.html"
          }
        ],
        "reference": {
          "reference": "StructureDefinition/be-observationcodeableconcept"
        },
        "fhirVersion": [
          "4.0.1"
        ],
        "name": "Observation codeable concept code core BE profile",
        "description": "The Core BE profile for Observation codeable concept",
        "groupingId": "core"
      },
      {
        "extension": [
          {
            "url": "http://hl7.org/fhir/tools/StructureDefinition/resource-information",
            "valueString": "StructureDefinition:resource"
          },
          {
            "url": "http://hl7.org/fhir/StructureDefinition/implementationguide-page",
            "valueUri": "be-provenance.html"
          }
        ],
        "reference": {
          "reference": "StructureDefinition/be-provenance"
        },
        "fhirVersion": [
          "4.0.1"
        ],
        "name": "Provenance core BE profile",
        "description": "The Core BE profile for Provenance",
        "groupingId": "core"
      },
      {
        "extension": [
          {
            "url": "http://hl7.org/fhir/tools/StructureDefinition/resource-information",
            "valueString": "StructureDefinition:resource"
          },
          {
            "url": "http://hl7.org/fhir/StructureDefinition/implementationguide-page",
            "valueUri": "be-organization.html"
          }
        ],
        "reference": {
          "reference": "StructureDefinition/be-organization"
        },
        "fhirVersion": [
          "4.0.1"
        ],
        "name": "Organization core BE profile",
        "description": "The Core BE profile for Organization",
        "groupingId": "core"
      },
      {
        "extension": [
          {
            "url": "http://hl7.org/fhir/tools/StructureDefinition/resource-information",
            "valueString": "StructureDefinition:complex-type"
          },
          {
            "url": "http://hl7.org/fhir/StructureDefinition/implementationguide-page",
            "valueUri": "be-address.html"
          }
        ],
        "reference": {
          "reference": "StructureDefinition/be-address"
        },
        "fhirVersion": [
          "4.0.1"
        ],
        "name": "Address core BE profile",
        "description": "The Core BE profile for Address",
        "groupingId": "core"
      },
      {
        "extension": [
          {
            "url": "http://hl7.org/fhir/tools/StructureDefinition/resource-information",
            "valueString": "Patient"
          },
          {
            "url": "http://hl7.org/fhir/StructureDefinition/implementationguide-page",
            "valueUri": "patient1.html"
          }
        ],
        "reference": {
          "reference": "Patient/patient1"
        },
        "fhirVersion": [
          "4.0.1"
        ],
        "name": "Patient1",
        "description": "Patient",
        "exampleCanonical": "https://www.ehealth.fgov.be/standards/fhir/StructureDefinition/be-patient",
        "groupingId": "examples"
      },
      {
        "extension": [
          {
            "url": "http://hl7.org/fhir/tools/StructureDefinition/resource-information",
            "valueString": "Patient"
          },
          {
            "url": "http://hl7.org/fhir/StructureDefinition/implementationguide-page",
            "valueUri": "patient2.html"
          }
        ],
        "reference": {
          "reference": "Patient/patient2"
        },
        "fhirVersion": [
          "4.0.1"
        ],
        "name": "Patient2",
        "description": "Patient with logical identifier for GP",
        "exampleCanonical": "https://www.ehealth.fgov.be/standards/fhir/StructureDefinition/be-patient",
        "groupingId": "examples"
      },
      {
        "extension": [
          {
            "url": "http://hl7.org/fhir/tools/StructureDefinition/resource-information",
            "valueString": "Practitioner"
          },
          {
            "url": "http://hl7.org/fhir/StructureDefinition/implementationguide-page",
            "valueUri": "practitioner1.html"
          }
        ],
        "reference": {
          "reference": "Practitioner/practitioner1"
        },
        "fhirVersion": [
          "4.0.1"
        ],
        "name": "Practitioner1",
        "description": "Practitioner",
        "exampleCanonical": "https://www.ehealth.fgov.be/standards/fhir/StructureDefinition/be-practitioner",
        "groupingId": "examples"
      },
      {
        "extension": [
          {
            "url": "http://hl7.org/fhir/tools/StructureDefinition/resource-information",
            "valueString": "Organization"
          },
          {
            "url": "http://hl7.org/fhir/StructureDefinition/implementationguide-page",
            "valueUri": "organization1.html"
          }
        ],
        "reference": {
          "reference": "Organization/organization1"
        },
        "fhirVersion": [
          "4.0.1"
        ],
        "name": "Organization1",
        "description": "Organization",
        "exampleCanonical": "https://www.ehealth.fgov.be/standards/fhir/StructureDefinition/be-organization",
        "groupingId": "examples"
      },
      {
        "extension": [
          {
            "url": "http://hl7.org/fhir/tools/StructureDefinition/resource-information",
            "valueString": "PractitionerRole"
          },
          {
            "url": "http://hl7.org/fhir/StructureDefinition/implementationguide-page",
            "valueUri": "practitionerrole1.html"
          }
        ],
        "reference": {
          "reference": "PractitionerRole/practitionerrole1"
        },
        "fhirVersion": [
          "4.0.1"
        ],
        "name": "PractitionerRole1",
        "description": "PractitionerRole",
        "exampleCanonical": "https://www.ehealth.fgov.be/standards/fhir/StructureDefinition/be-practitionerrole",
        "groupingId": "examples"
      },
      {
        "extension": [
          {
            "url": "http://hl7.org/fhir/tools/StructureDefinition/resource-information",
            "valueString": "Observation"
          },
          {
            "url": "http://hl7.org/fhir/StructureDefinition/implementationguide-page",
            "valueUri": "observation1.html"
          }
        ],
        "reference": {
          "reference": "Observation/observation1"
        },
        "fhirVersion": [
          "4.0.1"
        ],
        "name": "Observation1",
        "description": "Observation heart rate",
        "exampleCanonical": "https://www.ehealth.fgov.be/standards/fhir/StructureDefinition/be-observation",
        "groupingId": "examples"
      },
      {
        "extension": [
          {
            "url": "http://hl7.org/fhir/tools/StructureDefinition/resource-information",
            "valueString": "Observation"
          },
          {
            "url": "http://hl7.org/fhir/StructureDefinition/implementationguide-page",
            "valueUri": "observation2.html"
          }
        ],
        "reference": {
          "reference": "Observation/observation2"
        },
        "fhirVersion": [
          "4.0.1"
        ],
        "name": "Observation2",
        "description": "Observation hard of hearing",
        "exampleCanonical": "https://www.ehealth.fgov.be/standards/fhir/StructureDefinition/be-observation",
        "groupingId": "examples"
      },
      {
        "extension": [
          {
            "url": "http://hl7.org/fhir/tools/StructureDefinition/resource-information",
            "valueString": "AllergyIntolerance"
          },
          {
            "url": "http://hl7.org/fhir/StructureDefinition/implementationguide-page",
            "valueUri": "allergyintolerance1.html"
          }
        ],
        "reference": {
          "reference": "AllergyIntolerance/allergyintolerance1"
        },
        "fhirVersion": [
          "4.0.1"
        ],
        "name": "AllergyIntolerance1",
        "description": "Food allergy",
        "exampleCanonical": "https://www.ehealth.fgov.be/standards/fhir/StructureDefinition/be-allergyintolerance",
        "groupingId": "examples"
      },
      {
        "extension": [
          {
            "url": "http://hl7.org/fhir/tools/StructureDefinition/resource-information",
            "valueString": "AllergyIntolerance"
          },
          {
            "url": "http://hl7.org/fhir/StructureDefinition/implementationguide-page",
            "valueUri": "allergyintolerance2.html"
          }
        ],
        "reference": {
          "reference": "AllergyIntolerance/allergyintolerance2"
        },
        "fhirVersion": [
          "4.0.1"
        ],
        "name": "AllergyIntolerance2",
        "description": "Pollen allergy with multiple reactions",
        "exampleCanonical": "https://www.ehealth.fgov.be/standards/fhir/StructureDefinition/be-allergyintolerance",
        "groupingId": "examples"
      },
      {
        "extension": [
          {
            "url": "http://hl7.org/fhir/tools/StructureDefinition/resource-information",
            "valueString": "Provenance"
          },
          {
            "url": "http://hl7.org/fhir/StructureDefinition/implementationguide-page",
            "valueUri": "provenance1.html"
          }
        ],
        "reference": {
          "reference": "Provenance/provenance1"
        },
        "fhirVersion": [
          "4.0.1"
        ],
        "name": "Provenance1",
        "description": "Provenance",
        "exampleCanonical": "https://www.ehealth.fgov.be/standards/fhir/StructureDefinition/be-provenance",
        "groupingId": "examples"
      },
      {
        "extension": [
          {
            "url": "http://hl7.org/fhir/tools/StructureDefinition/resource-information",
            "valueString": "Bundle"
          },
          {
            "url": "http://hl7.org/fhir/StructureDefinition/implementationguide-page",
            "valueUri": "bundle1.html"
          }
        ],
        "reference": {
          "reference": "Bundle/bundle1"
        },
        "fhirVersion": [
          "4.0.1"
        ],
        "name": "Bundle1",
        "description": "Bundle transaction upload with provenance of creation of practitioner",
        "exampleCanonical": "https://www.ehealth.fgov.be/standards/fhir/StructureDefinition/be-organization",
        "groupingId": "examples"
      },
      {
        "extension": [
          {
            "url": "http://hl7.org/fhir/tools/StructureDefinition/resource-information",
            "valueString": "StructureDefinition:resource"
          },
          {
            "url": "http://hl7.org/fhir/StructureDefinition/implementationguide-page",
            "valueUri": "be-practitionerrole.html"
          }
        ],
        "reference": {
          "reference": "StructureDefinition/be-practitionerrole"
        },
        "fhirVersion": [
          "4.0.1"
        ],
        "name": "Practitioner Role core BE profile",
        "description": "The Core BE profile for Practitioner Role",
        "groupingId": "core"
      },
      {
        "extension": [
          {
            "url": "http://hl7.org/fhir/tools/StructureDefinition/resource-information",
            "valueString": "ValueSet"
          },
          {
            "url": "http://hl7.org/fhir/StructureDefinition/implementationguide-page",
            "valueUri": "valueset-be-exposureroute.html"
          }
        ],
        "reference": {
          "reference": "ValueSet/be-exposureroute"
        },
        "fhirVersion": [
          "4.0.1"
        ],
        "name": "Valueset exposureroute",
        "description": "The valueset for exposureroute",
        "groupingId": "terminology"
      },
      {
        "extension": [
          {
            "url": "http://hl7.org/fhir/tools/StructureDefinition/resource-information",
            "valueString": "ValueSet"
          },
          {
            "url": "http://hl7.org/fhir/StructureDefinition/implementationguide-page",
            "valueUri": "valueset-be-causativeagent.html"
          }
        ],
        "reference": {
          "reference": "ValueSet/be-causativeagent"
        },
        "fhirVersion": [
          "4.0.1"
        ],
        "name": "Valueset causative agent",
        "description": "The valueset for causative agent",
        "groupingId": "terminology"
      },
      {
        "extension": [
          {
            "url": "http://hl7.org/fhir/tools/StructureDefinition/resource-information",
            "valueString": "ValueSet"
          },
          {
            "url": "http://hl7.org/fhir/StructureDefinition/implementationguide-page",
            "valueUri": "valueset-be-civilstate.html"
          }
        ],
        "reference": {
          "reference": "ValueSet/be-civilstate"
        },
        "fhirVersion": [
          "4.0.1"
        ],
        "name": "Valueset civil state",
        "description": "The valueset for civil state",
        "groupingId": "terminology"
      },
      {
        "extension": [
          {
            "url": "http://hl7.org/fhir/tools/StructureDefinition/resource-information",
            "valueString": "ValueSet"
          },
          {
            "url": "http://hl7.org/fhir/StructureDefinition/implementationguide-page",
            "valueUri": "valueset-be-contactperson.html"
          }
        ],
        "reference": {
          "reference": "ValueSet/be-contactperson"
        },
        "fhirVersion": [
          "4.0.1"
        ],
        "name": "Valueset contact person",
        "description": "The valueset for contact person",
        "groupingId": "terminology"
      },
      {
        "extension": [
          {
            "url": "http://hl7.org/fhir/tools/StructureDefinition/resource-information",
            "valueString": "ValueSet"
          },
          {
            "url": "http://hl7.org/fhir/StructureDefinition/implementationguide-page",
            "valueUri": "valueset-be-riskmanifestation.html"
          }
        ],
        "reference": {
          "reference": "ValueSet/be-riskmanifestation"
        },
        "fhirVersion": [
          "4.0.1"
        ],
        "name": "Valueset risk manifestation",
        "description": "The valueset for risk manifestation",
        "groupingId": "terminology"
      },
      {
        "extension": [
          {
            "url": "http://hl7.org/fhir/tools/StructureDefinition/resource-information",
            "valueString": "CodeSystem"
          },
          {
            "url": "http://hl7.org/fhir/StructureDefinition/implementationguide-page",
            "valueUri": "cd-hcparty.html"
          }
        ],
        "reference": {
          "reference": "CodeSystem/cd-hcparty"
        },
        "fhirVersion": [
          "4.0.1"
        ],
        "name": "Codesystem CD-HCPARTY",
        "description": "The CD-HCPARTY codesystem",
        "groupingId": "terminology"
      },
      {
        "extension": [
          {
            "url": "http://hl7.org/fhir/tools/StructureDefinition/resource-information",
            "valueString": "CodeSystem"
          },
          {
            "url": "http://hl7.org/fhir/StructureDefinition/implementationguide-page",
            "valueUri": "cd-civilstate.html"
          }
        ],
        "reference": {
          "reference": "CodeSystem/cd-civilstate"
        },
        "fhirVersion": [
          "4.0.1"
        ],
        "name": "Codesystem CD-CIVILSTATE",
        "description": "The CD-CIVILSTATE codesystem",
        "groupingId": "terminology"
      },
      {
        "extension": [
          {
            "url": "http://hl7.org/fhir/tools/StructureDefinition/resource-information",
            "valueString": "CodeSystem"
          },
          {
            "url": "http://hl7.org/fhir/StructureDefinition/implementationguide-page",
            "valueUri": "cd-contact-person.html"
          }
        ],
        "reference": {
          "reference": "CodeSystem/cd-contact-person"
        },
        "fhirVersion": [
          "4.0.1"
        ],
        "name": "Codesystem CD-CONTACT-PERSON",
        "description": "The CD-CONTACT-PERSON codesystem",
        "groupingId": "terminology"
      },
      {
        "extension": [
          {
            "url": "http://hl7.org/fhir/tools/StructureDefinition/resource-information",
            "valueString": "CodeSystem"
          },
          {
            "url": "http://hl7.org/fhir/StructureDefinition/implementationguide-page",
            "valueUri": "cd-fed-country.html"
          }
        ],
        "reference": {
          "reference": "CodeSystem/cd-fed-country"
        },
        "fhirVersion": [
          "4.0.1"
        ],
        "name": "Codesystem CD-FED-COUNTRY",
        "description": "The CD-FED-COUNTRY codesystem",
        "groupingId": "terminology"
      },
      {
        "extension": [
          {
            "url": "http://hl7.org/fhir/tools/StructureDefinition/resource-information",
            "valueString": "NamingSystem"
          },
          {
            "url": "http://hl7.org/fhir/StructureDefinition/implementationguide-page",
            "valueUri": "be-ehp.html"
          }
        ],
        "reference": {
          "reference": "NamingSystem/be-ehp"
        },
        "fhirVersion": [
          "4.0.1"
        ],
        "name": "NamingSystem EHP",
        "description": "The EHP naming system",
        "groupingId": "terminology"
      },
      {
        "extension": [
          {
            "url": "http://hl7.org/fhir/tools/StructureDefinition/resource-information",
            "valueString": "NamingSystem"
          },
          {
            "url": "http://hl7.org/fhir/StructureDefinition/implementationguide-page",
            "valueUri": "be-cbe.html"
          }
        ],
        "reference": {
          "reference": "NamingSystem/be-cbe"
        },
        "fhirVersion": [
          "4.0.1"
        ],
        "name": "NamingSystem CBE",
        "description": "The CBE naming system",
        "groupingId": "terminology"
      },
      {
        "extension": [
          {
            "url": "http://hl7.org/fhir/tools/StructureDefinition/resource-information",
            "valueString": "NamingSystem"
          },
          {
            "url": "http://hl7.org/fhir/StructureDefinition/implementationguide-page",
            "valueUri": "be-ssin.html"
          }
        ],
        "reference": {
          "reference": "NamingSystem/be-ssin"
        },
        "fhirVersion": [
          "4.0.1"
        ],
        "name": "NamingSystem SSIN",
        "description": "The SSIN naming system",
        "groupingId": "terminology"
      },
      {
        "extension": [
          {
            "url": "http://hl7.org/fhir/tools/StructureDefinition/resource-information",
            "valueString": "NamingSystem"
          },
          {
            "url": "http://hl7.org/fhir/StructureDefinition/implementationguide-page",
            "valueUri": "be-nihdi.html"
          }
        ],
        "reference": {
          "reference": "NamingSystem/be-nihdi"
        },
        "fhirVersion": [
          "4.0.1"
        ],
        "name": "NamingSystem NIHDI",
        "description": "The NIHDI naming system",
        "groupingId": "terminology"
      }
    ],
    "page": {
      "nameUrl": "toc.html",
      "title": "Table of Contents",
      "generation": "html",
      "page": [
        {
          "nameUrl": "index.html",
          "title": "BE Core Home Page",
          "generation": "html"
        },
        {
          "nameUrl": "conventions.html",
          "title": "Conventions",
          "generation": "markdown"
        },
        {
          "nameUrl": "artifacts.html",
          "title": "Artifacts",
          "generation": "html"
        },
        {
          "nameUrl": "example-resources.html",
          "title": "Example Resources",
          "generation": "markdown"
        },
        {
          "nameUrl": "example-scenarios.html",
          "title": "Example Scenarios",
          "generation": "markdown"
        },
        {
          "nameUrl": "downloads.html",
          "title": "Useful Downloads",
          "generation": "html"
        },
        {
          "nameUrl": "changes.html",
          "title": "IG Change History",
          "generation": "html"
        },
        {
          "nameUrl": "guidance.html",
          "title": "Guidance",
          "generation": "html"
        }
      ]
    },
    "parameter": [
      {
        "code": "path-resource",
        "value": "input/capabilities"
      },
      {
        "code": "path-resource",
        "value": "input/examples"
      },
      {
        "code": "path-resource",
        "value": "input/extensions"
      },
      {
        "code": "path-resource",
        "value": "input/models"
      },
      {
        "code": "path-resource",
        "value": "input/operations"
      },
      {
        "code": "path-resource",
        "value": "input/profiles"
      },
      {
        "code": "path-resource",
        "value": "input/resources"
      },
      {
        "code": "path-resource",
        "value": "input/vocabulary"
      },
      {
        "code": "path-pages",
        "value": "input/pagecontent"
      },
      {
        "code": "path-pages",
        "value": "input/images"
      },
      {
        "code": "path-qa",
        "value": "temp/qa"
      },
      {
        "code": "path-temp",
        "value": "temp/pages"
      },
      {
        "code": "path-output",
        "value": "output"
      },
      {
        "code": "path-tx-cache",
        "value": "input-cache/txcache"
      },
      {
        "code": "path-suppressed-warnings",
        "value": "input/ignoreWarnings.txt"
      },
      {
        "code": "template-html",
        "value": "template-page.html"
      },
      {
        "code": "template-md",
        "value": "template-page-md.html"
      },
      {
        "code": "apply-contact",
        "value": "true"
      },
      {
        "code": "apply-context",
        "value": "true"
      },
      {
        "code": "apply-copyright",
        "value": "true"
      },
      {
        "code": "apply-jurisdiction",
        "value": "true"
      },
      {
        "code": "apply-license",
        "value": "true"
      },
      {
        "code": "apply-publisher",
        "value": "true"
      },
      {
        "code": "apply-version",
        "value": "true"
      }
    ]
  }
}