{
  "resourceType": "ImplementationGuide",
  "id": "hl7.be.core",
  "text": {
    "status": "generated",
    "div": "<div xmlns=\"http://www.w3.org/1999/xhtml\"><h2>BaseIG</h2><p>The official URL for this implementation guide is: </p><pre>https://www.ehealth.fgov.be/standards/fhir/ImplementationGuide/hl7.be.core</pre><div><p>The Core Belgian Profiles provide the essential and common requirement for FHIR implementations in Belgium</p>\n</div></div>"
  },
  "url": "https://www.ehealth.fgov.be/standards/fhir/ImplementationGuide/hl7.be.core",
  "name": "BaseIG",
  "title": "Belgium Base IG",
  "status": "draft",
  "experimental": false,
  "date": "2019-11-16T14:36:34+01:00",
  "publisher": "HL7 Belgium",
  "contact": [
    {
      "telecom": [
        {
          "system": "other",
          "value": "http://hl7.org/Special/committees/fiwg"
        }
      ]
    }
  ],
  "description": "The Core Belgian Profiles provide the essential and common requirement for FHIR implementations in Belgium",
  "jurisdiction": [
    {
      "coding": [
        {
          "system": "http://unstats.un.org/unsd/methods/m49/m49.htm",
          "code": "001"
        }
      ]
    }
  ],
  "packageId": "hl7.be.core",
  "license": "CC0-1.0",
  "fhirVersion": [
    "4.0.1"
  ],
  "definition": {
    "grouping": [
      {
        "id": "logicalmodels",
        "name": "Logical Models",
        "description": "The common Belgian Logical Models - these can be mapped to KMEHR and FHIR"
      },
      {
        "id": "core",
        "name": "Core Profiles",
        "description": "Core resources to be reused in other resources"
      },
      {
        "name": "Conditions",
        "description": "Conditions and findings about patients"
      },
      {
        "id": "communication",
        "name": "Communication",
        "description": "Communication and Care Coordination"
      },
      {
        "id": "condition",
        "name": "Conditions",
        "description": "Resource profiles defined for conditions"
      },
      {
        "id": "medication",
        "name": "Medication",
        "description": "Resource profiles defined for medication"
      },
      {
        "id": "documents",
        "name": "Documents",
        "description": "Documents curated extracts of information - they represent a set of information for a given context at a given time."
      },
      {
        "id": "terminology",
        "name": "Terminology",
        "description": "Terminology resources - ValueSets and CodeSystems"
      }
    ],
    "resource": [
      {
        "extension": [
          {
            "url": "http://hl7.org/fhir/tools/StructureDefinition/resource-information",
            "valueString": "ValueSet"
          },
          {
            "url": "http://hl7.org/fhir/StructureDefinition/implementationguide-page",
            "valueUri": "valueset-be-diarytopic.html"
          }
        ],
        "reference": {
          "reference": "ValueSet/be-diarytopic"
        },
        "fhirVersion": [
          "4.0.1"
        ],
        "name": "ValueSet - CommunicationTopic",
        "description": "The values for communication topic",
        "groupingId": "terminology"
      },
      {
        "extension": [
          {
            "url": "http://hl7.org/fhir/tools/StructureDefinition/resource-information",
            "valueString": "CodeSystem"
          },
          {
            "url": "http://hl7.org/fhir/StructureDefinition/implementationguide-page",
            "valueUri": "be-diarytopic.html"
          }
        ],
        "reference": {
          "reference": "CodeSystem/be-diarytopic"
        },
        "fhirVersion": [
          "4.0.1"
        ],
        "name": "CodeSystem - CommunicationTopic",
        "description": "The values for communication topic",
        "groupingId": "terminology"
      },
      {
        "extension": [
          {
            "url": "http://hl7.org/fhir/tools/StructureDefinition/resource-information",
            "valueString": "StructureDefinition:resource"
          },
          {
            "url": "http://hl7.org/fhir/StructureDefinition/implementationguide-page",
            "valueUri": "be-allergyintolerance.html"
          }
        ],
        "reference": {
          "reference": "StructureDefinition/be-allergyintolerance"
        },
        "fhirVersion": [
          "4.0.1"
        ],
        "name": "Allergy Intolerance core BE profile",
        "description": "The Core BE profile for Allergy Intolerance",
        "groupingId": "condition"
      },
      {
        "extension": [
          {
            "url": "http://hl7.org/fhir/tools/StructureDefinition/resource-information",
            "valueString": "ValueSet"
          },
          {
            "url": "http://hl7.org/fhir/StructureDefinition/implementationguide-page",
            "valueUri": "valueset-be-contactperson.html"
          }
        ],
        "reference": {
          "reference": "ValueSet/be-contactperson"
        },
        "fhirVersion": [
          "4.0.1"
        ],
        "name": "ValueSet - Contact Person",
        "description": "The values for Contact Person type",
        "groupingId": "terminology"
      },
      {
        "extension": [
          {
            "url": "http://hl7.org/fhir/tools/StructureDefinition/resource-information",
            "valueString": "CodeSystem"
          },
          {
            "url": "http://hl7.org/fhir/StructureDefinition/implementationguide-page",
            "valueUri": "be-contactperson.html"
          }
        ],
        "reference": {
          "reference": "CodeSystem/be-contactperson"
        },
        "fhirVersion": [
          "4.0.1"
        ],
        "name": "CodeSystem - Contact Person",
        "description": "The values for Contact Person type",
        "groupingId": "terminology"
      },
      {
        "extension": [
          {
            "url": "http://hl7.org/fhir/tools/StructureDefinition/resource-information",
            "valueString": "ValueSet"
          },
          {
            "url": "http://hl7.org/fhir/StructureDefinition/implementationguide-page",
            "valueUri": "valueset-be-causativeagent.html"
          }
        ],
        "reference": {
          "reference": "ValueSet/be-causativeagent"
        },
        "fhirVersion": [
          "4.0.1"
        ],
        "name": "ValueSet - Contact Person",
        "description": "The list of causative agents",
        "groupingId": "terminology"
      },
      {
        "extension": [
          {
            "url": "http://hl7.org/fhir/tools/StructureDefinition/resource-information",
            "valueString": "ValueSet"
          },
          {
            "url": "http://hl7.org/fhir/StructureDefinition/implementationguide-page",
            "valueUri": "valueset-be-riskmanifestation.html"
          }
        ],
        "reference": {
          "reference": "ValueSet/be-riskmanifestation"
        },
        "fhirVersion": [
          "4.0.1"
        ],
        "name": "ValueSet - Risk Manifestation",
        "description": "The values for Risk Manifestation",
        "groupingId": "terminology"
      },
      {
        "extension": [
          {
            "url": "http://hl7.org/fhir/tools/StructureDefinition/resource-information",
            "valueString": "StructureDefinition:logical"
          },
          {
            "url": "http://hl7.org/fhir/StructureDefinition/implementationguide-page",
            "valueUri": "lm-be-communication.html"
          }
        ],
        "reference": {
          "reference": "StructureDefinition/lm-be-communication"
        },
        "fhirVersion": [
          "4.0.1"
        ],
        "name": "Logical Model Communication",
        "description": "Communication / Diary Note logical model",
        "groupingId": "logicalmodels"
      },
      {
        "extension": [
          {
            "url": "http://hl7.org/fhir/tools/StructureDefinition/resource-information",
            "valueString": "StructureDefinition:resource"
          },
          {
            "url": "http://hl7.org/fhir/StructureDefinition/implementationguide-page",
            "valueUri": "be-communication.html"
          }
        ],
        "reference": {
          "reference": "StructureDefinition/be-communication"
        },
        "fhirVersion": [
          "4.0.1"
        ],
        "name": "Communication Profile",
        "description": "Communication / Diary Note profile",
        "groupingId": "communication"
      },
      {
        "extension": [
          {
            "url": "http://hl7.org/fhir/tools/StructureDefinition/resource-information",
            "valueString": "StructureDefinition:logical"
          },
          {
            "url": "http://hl7.org/fhir/StructureDefinition/implementationguide-page",
            "valueUri": "lm-be-careplan.html"
          }
        ],
        "reference": {
          "reference": "StructureDefinition/lm-be-careplan"
        },
        "fhirVersion": [
          "4.0.1"
        ],
        "name": "Logical Model Care Plan",
        "description": "Care Plan logical model",
        "groupingId": "logicalmodels"
      },
      {
        "extension": [
          {
            "url": "http://hl7.org/fhir/tools/StructureDefinition/resource-information",
            "valueString": "StructureDefinition:resource"
          },
          {
            "url": "http://hl7.org/fhir/StructureDefinition/implementationguide-page",
            "valueUri": "be-patient.html"
          }
        ],
        "reference": {
          "reference": "StructureDefinition/be-patient"
        },
        "fhirVersion": [
          "4.0.1"
        ],
        "name": "BE Patient profile",
        "description": "Core Belgian Patient profile",
        "groupingId": "core"
      },
      {
        "extension": [
          {
            "url": "http://hl7.org/fhir/tools/StructureDefinition/resource-information",
            "valueString": "StructureDefinition:resource"
          },
          {
            "url": "http://hl7.org/fhir/StructureDefinition/implementationguide-page",
            "valueUri": "be-practitionerrole.html"
          }
        ],
        "reference": {
          "reference": "StructureDefinition/be-practitionerrole"
        },
        "fhirVersion": [
          "4.0.1"
        ],
        "name": "BE Practitioner Role profile",
        "description": "Core Belgian Practitioner Role profile",
        "groupingId": "core"
      },
      {
        "extension": [
          {
            "url": "http://hl7.org/fhir/tools/StructureDefinition/resource-information",
            "valueString": "ValueSet"
          },
          {
            "url": "http://hl7.org/fhir/StructureDefinition/implementationguide-page",
            "valueUri": "valueset-be-civilstate.html"
          }
        ],
        "reference": {
          "reference": "ValueSet/be-civilstate"
        },
        "fhirVersion": [
          "4.0.1"
        ],
        "name": "ValueSet - Civil State",
        "description": "The values for Civil State",
        "groupingId": "terminology"
      },
      {
        "extension": [
          {
            "url": "http://hl7.org/fhir/tools/StructureDefinition/resource-information",
            "valueString": "CodeSystem"
          },
          {
            "url": "http://hl7.org/fhir/StructureDefinition/implementationguide-page",
            "valueUri": "be-civilstate.html"
          }
        ],
        "reference": {
          "reference": "CodeSystem/be-civilstate"
        },
        "fhirVersion": [
          "4.0.1"
        ],
        "name": "CodeSystem - Civil State",
        "description": "The official values for Civil State",
        "groupingId": "terminology"
      },
      {
        "extension": [
          {
            "url": "http://hl7.org/fhir/tools/StructureDefinition/resource-information",
            "valueString": "StructureDefinition:resource"
          },
          {
            "url": "http://hl7.org/fhir/StructureDefinition/implementationguide-page",
            "valueUri": "be-careplan.html"
          }
        ],
        "reference": {
          "reference": "StructureDefinition/be-careplan"
        },
        "fhirVersion": [
          "4.0.1"
        ],
        "name": "Care Plan profile",
        "groupingId": "communication"
      },
      {
        "extension": [
          {
            "url": "http://hl7.org/fhir/tools/StructureDefinition/resource-information",
            "valueString": "StructureDefinition:resource"
          },
          {
            "url": "http://hl7.org/fhir/StructureDefinition/implementationguide-page",
            "valueUri": "be-careteam.html"
          }
        ],
        "reference": {
          "reference": "StructureDefinition/be-careteam"
        },
        "fhirVersion": [
          "4.0.1"
        ],
        "name": "Care Team profile",
        "groupingId": "communication"
      },
      {
        "extension": [
          {
            "url": "http://hl7.org/fhir/tools/StructureDefinition/resource-information",
            "valueString": "StructureDefinition:primitive-type"
          },
          {
            "url": "http://hl7.org/fhir/StructureDefinition/implementationguide-page",
            "valueUri": "string320.html"
          }
        ],
        "reference": {
          "reference": "StructureDefinition/string320"
        },
        "fhirVersion": [
          "4.0.1"
        ],
        "name": "String 320",
        "description": "String with up to 320 characters",
        "groupingId": "core"
      },
      {
        "extension": [
          {
            "url": "http://hl7.org/fhir/tools/StructureDefinition/resource-information",
            "valueString": "CapabilityStatement"
          },
          {
            "url": "http://hl7.org/fhir/StructureDefinition/implementationguide-page",
            "valueUri": "be-communication-apps.html"
          }
        ],
        "reference": {
          "reference": "CapabilityStatement/be-communication-apps"
        },
        "fhirVersion": [
          "4.0.1"
        ],
        "name": "Communication Apps",
        "description": "This is a Capability Statement for all Apps and clients that wish to be conformant with the Communication system specifications in Belgium.",
        "groupingId": "core"
      },
      {
        "extension": [
          {
            "url": "http://hl7.org/fhir/tools/StructureDefinition/resource-information",
            "valueString": "CodeSystem"
          },
          {
            "url": "http://hl7.org/fhir/StructureDefinition/implementationguide-page",
            "valueUri": "be-hcparty.html"
          }
        ],
        "reference": {
          "reference": "CodeSystem/be-hcparty"
        },
        "fhirVersion": [
          "4.0.1"
        ],
        "name": "CodeSystem - Healthcare Party",
        "description": "The values for healthcare party types",
        "groupingId": "terminology"
      }
    ],
    "page": {
      "nameUrl": "toc.html",
      "title": "Table of Contents",
      "generation": "html",
      "page": [
        {
          "nameUrl": "index.html",
          "title": "BE Core Home Page",
          "generation": "html"
        },
        {
          "nameUrl": "conventions.html",
          "title": "Conventions",
          "generation": "markdown"
        },
        {
          "nameUrl": "functional-overview.html",
          "title": "Functional Description",
          "generation": "markdown"
        },
        {
          "nameUrl": "logical-models.html",
          "title": "Logical Data Models",
          "generation": "markdown"
        },
        {
          "nameUrl": "artifacts.html",
          "title": "Artifacts",
          "generation": "html"
        },
        {
          "nameUrl": "example-resources.html",
          "title": "Example Resources",
          "generation": "markdown"
        },
        {
          "nameUrl": "example-scenarios.html",
          "title": "Example Scenarios",
          "generation": "markdown"
        },
        {
          "nameUrl": "downloads.html",
          "title": "Useful Downloads",
          "generation": "html"
        },
        {
          "nameUrl": "changes.html",
          "title": "IG Change History",
          "generation": "html"
        }
      ]
    },
    "parameter": [
      {
        "code": "path-resource",
        "value": "input/capabilities"
      },
      {
        "code": "path-resource",
        "value": "input/examples"
      },
      {
        "code": "path-resource",
        "value": "input/extensions"
      },
      {
        "code": "path-resource",
        "value": "input/models"
      },
      {
        "code": "path-resource",
        "value": "input/operations"
      },
      {
        "code": "path-resource",
        "value": "input/profiles"
      },
      {
        "code": "path-resource",
        "value": "input/resources"
      },
      {
        "code": "path-resource",
        "value": "input/vocabulary"
      },
      {
        "code": "path-pages",
        "value": "input/pagecontent"
      },
      {
        "code": "path-pages",
        "value": "input/images"
      },
      {
        "code": "path-qa",
        "value": "temp/qa"
      },
      {
        "code": "path-temp",
        "value": "temp/pages"
      },
      {
        "code": "path-output",
        "value": "output"
      },
      {
        "code": "path-tx-cache",
        "value": "input-cache/txcache"
      },
      {
        "code": "path-suppressed-warnings",
        "value": "input/ignoreWarnings.txt"
      },
      {
        "code": "template-html",
        "value": "template-page.html"
      },
      {
        "code": "template-md",
        "value": "template-page-md.html"
      },
      {
        "code": "apply-contact",
        "value": "true"
      },
      {
        "code": "apply-context",
        "value": "true"
      },
      {
        "code": "apply-copyright",
        "value": "true"
      },
      {
        "code": "apply-jurisdiction",
        "value": "true"
      },
      {
        "code": "apply-license",
        "value": "true"
      },
      {
        "code": "apply-publisher",
        "value": "true"
      },
      {
        "code": "apply-version",
        "value": "true"
      }
    ]
  }
}