<?xml version="1.0" encoding="UTF-8"?>

<Organization xmlns="http://hl7.org/fhir">
  <id value="organization1"/>
  <meta>
    <versionId value="1"/>
    <lastUpdated value="2019-07-01T13:30:55.864+00:00"/>
    <profile value="https://www.ehealth.fgov.be/standards/fhir/StructureDefinition/be-organization"/>
  </meta>
  <text>
    <status value="generated"/><div xmlns="http://www.w3.org/1999/xhtml">
      <div class="hapiHeaderText">Enterprise Hospital<b/></div>
      <table class="hapiPropertyTable">
        <tbody>
          <tr>
            <td>Identifier</td>
            <td>0425.222.333</td>
          </tr>
          <tr>
            <td>Address</td>
            <td>
              <span>Brussel </span>
              <span>BE</span>
            </td>
          </tr>
          <tr>
            <td/>
            <td>
              <span/>
            </td>
          </tr>
        </tbody>
      </table>
    </div>
  </text>
  <identifier>
    <use value="official"/>
    <type>
      <coding>
        <system value="http://terminology.hl7.org/CodeSystem/v2-0203"/>
        <code value="PRN"/>
        <display value="Provider Number"/>
      </coding>
    </type>
    <system value="https://www.ehealth.fgov.be/standards/fhir/NamingSystem/cbe"/>
    <value value="0425.222.333"/>
  </identifier>
  <identifier>
    <use value="official"/>
    <type>
      <coding>
        <system value="http://terminology.hl7.org/CodeSystem/v2-0203"/>
        <code value="MD"/>
        <display value="Medical License number"/>
      </coding>
    </type>
    <system value="https://www.ehealth.fgov.be/standards/fhir/NamingSystem/nihdi"/>
    <value value="999999999"/>
  </identifier>
  <active value="true"/>
  <type>
    <coding>
      <system value="https://www.ehealth.fgov.be/standards/fhir/CodeSystem/cd-hcparty"/>
      <code value="orghospital"/>
    </coding>
  </type>
  <name value="Enterprise Hospital Ziekenhuis"/>
  <telecom>
    <system value="phone"/>
    <value value="+322675199"/>
    <use value="work"/>
  </telecom>
  <address>
    <extension url="http://hl7.org/fhir/StructureDefinition/language">
      <valueCode value="nl"/>
    </extension>
    <use value="work"/>
    <type value="both"/>
    <text value="Vulcansstraat 120, 1000 Brussel"/>
    <line value="Vulcansstraat 120">
      <extension url="http://hl7.org/fhir/StructureDefinition/iso21090-ADXP-streetName">
        <valueString value="Vulcansstraat"/>
      </extension>
      <extension url="http://hl7.org/fhir/StructureDefinition/iso21090-ADXP-houseNumber">
        <valueString value="120"/>
      </extension>
    </line>
    <city value="Brussel"/>
    <postalCode value="1000"/>
    <country value="BE"/>
  </address>
  <address>
    <extension url="http://hl7.org/fhir/StructureDefinition/language">
      <valueCode value="fr"/>
    </extension>
    <use value="work"/>
    <type value="both"/>
    <text value="120, Rue des Vulcans, 1000 Bruxelles"/>
    <line value="120, Rue des Vulcans">
      <extension url="http://hl7.org/fhir/StructureDefinition/iso21090-ADXP-streetName">
        <valueString value="Rue des Vulcans"/>
      </extension>
      <extension url="http://hl7.org/fhir/StructureDefinition/iso21090-ADXP-houseNumber">
        <valueString value="120"/>
      </extension>
    </line>
    <city value="Bruxelles"/>
    <postalCode value="1000"/>
    <country value="BE"/>
  </address>
</Organization>