{
  "package": "hl7.be.core",
  "version": "1.0.0",
  "fhirVersion": "4.0.1",
  "jurisdiction": "001",
  "extensions": [],
  "profiles": {
    "AllergyIntolerance": [
      {
        "url": "https://www.ehealth.fgov.be/standards/fhir/StructureDefinition/be-allergyintolerance",
        "title": "BeAllergyIntolerance"
      }
    ],
    "Observation": [
      {
        "url": "https://www.ehealth.fgov.be/standards/fhir/StructureDefinition/be-observation",
        "title": "BeObservation"
      }
    ],
    "Organization": [
      {
        "url": "https://www.ehealth.fgov.be/standards/fhir/StructureDefinition/be-organization",
        "title": "BeOrganization"
      }
    ],
    "Patient": [
      {
        "url": "https://www.ehealth.fgov.be/standards/fhir/StructureDefinition/be-patient",
        "title": "BePatient"
      }
    ],
    "Practitioner": [
      {
        "url": "https://www.ehealth.fgov.be/standards/fhir/StructureDefinition/be-practitioner",
        "title": "BePractitioner"
      }
    ],
    "PractitionerRole": [
      {
        "url": "https://www.ehealth.fgov.be/standards/fhir/StructureDefinition/be-practitionerrole",
        "title": "BePractitionerRole"
      }
    ],
    "Provenance": [
      {
        "url": "https://www.ehealth.fgov.be/standards/fhir/StructureDefinition/be-provenance",
        "title": "BeProvenance"
      }
    ]
  },
  "usage": {
    "http://hl7.org/fhir/StructureDefinition/elementdefinition-bestpractice": [
      "StructureDefinition.snapshot.element.constraint"
    ],
    "http://hl7.org/fhir/StructureDefinition/elementdefinition-bestpractice-explanation": [
      "StructureDefinition.snapshot.element.constraint"
    ],
    "http://hl7.org/fhir/StructureDefinition/elementdefinition-bindingName": [
      "StructureDefinition.snapshot.element.binding"
    ],
    "http://hl7.org/fhir/StructureDefinition/elementdefinition-isCommonBinding": [
      "StructureDefinition.snapshot.element.binding"
    ],
    "http://hl7.org/fhir/StructureDefinition/elementdefinition-maxValueSet": [
      "StructureDefinition.snapshot.element.binding"
    ],
    "http://hl7.org/fhir/StructureDefinition/iso21090-ADXP-houseNumber": [
      "Address.line",
      "Bundle.entry.resource.address.line",
      "Organization.address.line",
      "Patient.address.line",
      "Practitioner.address.line"
    ],
    "http://hl7.org/fhir/StructureDefinition/iso21090-ADXP-postBox": [
      "Address.line"
    ],
    "http://hl7.org/fhir/StructureDefinition/iso21090-ADXP-streetName": [
      "Address.line",
      "Bundle.entry.resource.address.line",
      "Organization.address.line",
      "Patient.address.line",
      "Practitioner.address.line"
    ],
    "http://hl7.org/fhir/StructureDefinition/language": [
      "Address",
      "Bundle.entry.resource.address",
      "Organization.address",
      "Patient.address"
    ],
    "http://hl7.org/fhir/StructureDefinition/patient-birthPlace": [
      "Patient"
    ],
    "http://hl7.org/fhir/StructureDefinition/patient-birthTime": [
      "Patient.birthDate"
    ],
    "http://hl7.org/fhir/StructureDefinition/patient-nationality": [
      "Patient"
    ],
    "http://hl7.org/fhir/StructureDefinition/regex": [
      "StructureDefinition.snapshot.element.type"
    ],
    "http://hl7.org/fhir/StructureDefinition/structuredefinition-hierarchy": [
      "StructureDefinition.snapshot.element.type"
    ],
    "http://hl7.org/fhir/StructureDefinition/structuredefinition-json-type": [
      "StructureDefinition.snapshot.element.type.code"
    ],
    "http://hl7.org/fhir/StructureDefinition/structuredefinition-normative-version": [
      "StructureDefinition.snapshot.element"
    ],
    "http://hl7.org/fhir/StructureDefinition/structuredefinition-rdf-type": [
      "StructureDefinition.snapshot.element.type.code"
    ],
    "http://hl7.org/fhir/StructureDefinition/structuredefinition-standards-status": [
      "StructureDefinition.snapshot.element"
    ],
    "http://hl7.org/fhir/StructureDefinition/structuredefinition-xml-type": [
      "StructureDefinition.snapshot.element.type.code"
    ],
    "http://hl7.org/fhir/tools/StructureDefinition/resource-information": [
      "ImplementationGuide.definition.resource"
    ]
  }
}