{
  "resourceType" : "Bundle",
  "id" : "b86afb3b-4a16-4874-9e4e-4520f62d27a2",
  "meta" : {
    "lastUpdated" : "2019-11-16T14:36:34.628+01:00"
  },
  "type" : "collection",
  "entry" : [{
    "fullUrl" : "https://www.ehealth.fgov.be/standards/fhir/ValueSet/be-contactperson",
    "resource" : {
      "resourceType" : "ValueSet",
      "id" : "be-contactperson",
      "text" : {
        "status" : "generated",
        "div" : "<div xmlns=\"http://www.w3.org/1999/xhtml\"><p>This value set contains 30 concepts</p><p style=\"border: black 1px dotted; background-color: #EEEEEE; padding: 8px\">Expansion based on https://www.ehealth.fgov.be/standards/fhir/CodeSystem/be-contactperson version 1.2, http://terminology.hl7.org/CodeSystem/v2-0131 version 2.9</p><table class=\"codes\"><tr><td style=\"white-space:nowrap\"><b>Code</b></td><td><b>System</b></td><td><b>Display</b></td><td><b>Definition</b></td></tr><tr><td style=\"white-space:nowrap\"><a name=\"http---terminology.hl7.org-CodeSystem-v2-0131-C\"> </a><a href=\"http://hl7.org/fhir/R4/v2/0131/index.html#v2-0131-C\">C</a></td><td>http://terminology.hl7.org/CodeSystem/v2-0131</td><td>Emergency Contact</td><td/></tr><tr><td style=\"white-space:nowrap\"><a name=\"http---terminology.hl7.org-CodeSystem-v2-0131-E\"> </a><a href=\"http://hl7.org/fhir/R4/v2/0131/index.html#v2-0131-E\">E</a></td><td>http://terminology.hl7.org/CodeSystem/v2-0131</td><td>Employer</td><td/></tr><tr><td style=\"white-space:nowrap\"><a name=\"http---terminology.hl7.org-CodeSystem-v2-0131-F\"> </a><a href=\"http://hl7.org/fhir/R4/v2/0131/index.html#v2-0131-F\">F</a></td><td>http://terminology.hl7.org/CodeSystem/v2-0131</td><td>Federal Agency</td><td/></tr><tr><td style=\"white-space:nowrap\"><a name=\"http---terminology.hl7.org-CodeSystem-v2-0131-I\"> </a><a href=\"http://hl7.org/fhir/R4/v2/0131/index.html#v2-0131-I\">I</a></td><td>http://terminology.hl7.org/CodeSystem/v2-0131</td><td>Insurance Company</td><td/></tr><tr><td style=\"white-space:nowrap\"><a name=\"http---terminology.hl7.org-CodeSystem-v2-0131-N\"> </a><a href=\"http://hl7.org/fhir/R4/v2/0131/index.html#v2-0131-N\">N</a></td><td>http://terminology.hl7.org/CodeSystem/v2-0131</td><td>Next-of-Kin</td><td/></tr><tr><td style=\"white-space:nowrap\"><a name=\"http---terminology.hl7.org-CodeSystem-v2-0131-S\"> </a><a href=\"http://hl7.org/fhir/R4/v2/0131/index.html#v2-0131-S\">S</a></td><td>http://terminology.hl7.org/CodeSystem/v2-0131</td><td>State Agency</td><td/></tr><tr><td style=\"white-space:nowrap\"><a name=\"http---terminology.hl7.org-CodeSystem-v2-0131-U\"> </a><a href=\"http://hl7.org/fhir/R4/v2/0131/index.html#v2-0131-U\">U</a></td><td>http://terminology.hl7.org/CodeSystem/v2-0131</td><td>Unknown</td><td/></tr><tr><td style=\"white-space:nowrap\"><a name=\"https---www.ehealth.fgov.be-standards-fhir-CodeSystem-be-contactperson-father\"> </a><a href=\"be-contactperson.html#be-contactperson-father\">father</a></td><td>https://www.ehealth.fgov.be/standards/fhir/CodeSystem/be-contactperson</td><td/><td/></tr><tr><td style=\"white-space:nowrap\"><a name=\"https---www.ehealth.fgov.be-standards-fhir-CodeSystem-be-contactperson-mother\"> </a><a href=\"be-contactperson.html#be-contactperson-mother\">mother</a></td><td>https://www.ehealth.fgov.be/standards/fhir/CodeSystem/be-contactperson</td><td/><td/></tr><tr><td style=\"white-space:nowrap\"><a name=\"https---www.ehealth.fgov.be-standards-fhir-CodeSystem-be-contactperson-child\"> </a><a href=\"be-contactperson.html#be-contactperson-child\">child</a></td><td>https://www.ehealth.fgov.be/standards/fhir/CodeSystem/be-contactperson</td><td/><td/></tr><tr><td style=\"white-space:nowrap\"><a name=\"https---www.ehealth.fgov.be-standards-fhir-CodeSystem-be-contactperson-spouse\"> </a><a href=\"be-contactperson.html#be-contactperson-spouse\">spouse</a></td><td>https://www.ehealth.fgov.be/standards/fhir/CodeSystem/be-contactperson</td><td/><td/></tr><tr><td style=\"white-space:nowrap\"><a name=\"https---www.ehealth.fgov.be-standards-fhir-CodeSystem-be-contactperson-husband\"> </a><a href=\"be-contactperson.html#be-contactperson-husband\">husband</a></td><td>https://www.ehealth.fgov.be/standards/fhir/CodeSystem/be-contactperson</td><td/><td/></tr><tr><td style=\"white-space:nowrap\"><a name=\"https---www.ehealth.fgov.be-standards-fhir-CodeSystem-be-contactperson-partner\"> </a><a href=\"be-contactperson.html#be-contactperson-partner\">partner</a></td><td>https://www.ehealth.fgov.be/standards/fhir/CodeSystem/be-contactperson</td><td/><td/></tr><tr><td style=\"white-space:nowrap\"><a name=\"https---www.ehealth.fgov.be-standards-fhir-CodeSystem-be-contactperson-brother\"> </a><a href=\"be-contactperson.html#be-contactperson-brother\">brother</a></td><td>https://www.ehealth.fgov.be/standards/fhir/CodeSystem/be-contactperson</td><td/><td/></tr><tr><td style=\"white-space:nowrap\"><a name=\"https---www.ehealth.fgov.be-standards-fhir-CodeSystem-be-contactperson-sister\"> </a><a href=\"be-contactperson.html#be-contactperson-sister\">sister</a></td><td>https://www.ehealth.fgov.be/standards/fhir/CodeSystem/be-contactperson</td><td/><td/></tr><tr><td style=\"white-space:nowrap\"><a name=\"https---www.ehealth.fgov.be-standards-fhir-CodeSystem-be-contactperson-brotherinlaw\"> </a><a href=\"be-contactperson.html#be-contactperson-brotherinlaw\">brotherinlaw</a></td><td>https://www.ehealth.fgov.be/standards/fhir/CodeSystem/be-contactperson</td><td/><td/></tr><tr><td style=\"white-space:nowrap\"><a name=\"https---www.ehealth.fgov.be-standards-fhir-CodeSystem-be-contactperson-tutor\"> </a><a href=\"be-contactperson.html#be-contactperson-tutor\">tutor</a></td><td>https://www.ehealth.fgov.be/standards/fhir/CodeSystem/be-contactperson</td><td/><td/></tr><tr><td style=\"white-space:nowrap\"><a name=\"https---www.ehealth.fgov.be-standards-fhir-CodeSystem-be-contactperson-notary\"> </a><a href=\"be-contactperson.html#be-contactperson-notary\">notary</a></td><td>https://www.ehealth.fgov.be/standards/fhir/CodeSystem/be-contactperson</td><td/><td/></tr><tr><td style=\"white-space:nowrap\"><a name=\"https---www.ehealth.fgov.be-standards-fhir-CodeSystem-be-contactperson-lawyer\"> </a><a href=\"be-contactperson.html#be-contactperson-lawyer\">lawyer</a></td><td>https://www.ehealth.fgov.be/standards/fhir/CodeSystem/be-contactperson</td><td/><td/></tr><tr><td style=\"white-space:nowrap\"><a name=\"https---www.ehealth.fgov.be-standards-fhir-CodeSystem-be-contactperson-employer\"> </a><a href=\"be-contactperson.html#be-contactperson-employer\">employer</a></td><td>https://www.ehealth.fgov.be/standards/fhir/CodeSystem/be-contactperson</td><td/><td/></tr><tr><td style=\"white-space:nowrap\"><a name=\"https---www.ehealth.fgov.be-standards-fhir-CodeSystem-be-contactperson-grandparent\"> </a><a href=\"be-contactperson.html#be-contactperson-grandparent\">grandparent</a></td><td>https://www.ehealth.fgov.be/standards/fhir/CodeSystem/be-contactperson</td><td/><td/></tr><tr><td style=\"white-space:nowrap\"><a name=\"https---www.ehealth.fgov.be-standards-fhir-CodeSystem-be-contactperson-son\"> </a><a href=\"be-contactperson.html#be-contactperson-son\">son</a></td><td>https://www.ehealth.fgov.be/standards/fhir/CodeSystem/be-contactperson</td><td/><td/></tr><tr><td style=\"white-space:nowrap\"><a name=\"https---www.ehealth.fgov.be-standards-fhir-CodeSystem-be-contactperson-daughter\"> </a><a href=\"be-contactperson.html#be-contactperson-daughter\">daughter</a></td><td>https://www.ehealth.fgov.be/standards/fhir/CodeSystem/be-contactperson</td><td/><td/></tr><tr><td style=\"white-space:nowrap\"><a name=\"https---www.ehealth.fgov.be-standards-fhir-CodeSystem-be-contactperson-grandchild\"> </a><a href=\"be-contactperson.html#be-contactperson-grandchild\">grandchild</a></td><td>https://www.ehealth.fgov.be/standards/fhir/CodeSystem/be-contactperson</td><td/><td/></tr><tr><td style=\"white-space:nowrap\"><a name=\"https---www.ehealth.fgov.be-standards-fhir-CodeSystem-be-contactperson-neighbour\"> </a><a href=\"be-contactperson.html#be-contactperson-neighbour\">neighbour</a></td><td>https://www.ehealth.fgov.be/standards/fhir/CodeSystem/be-contactperson</td><td/><td/></tr><tr><td style=\"white-space:nowrap\"><a name=\"https---www.ehealth.fgov.be-standards-fhir-CodeSystem-be-contactperson-stepson\"> </a><a href=\"be-contactperson.html#be-contactperson-stepson\">stepson</a></td><td>https://www.ehealth.fgov.be/standards/fhir/CodeSystem/be-contactperson</td><td/><td/></tr><tr><td style=\"white-space:nowrap\"><a name=\"https---www.ehealth.fgov.be-standards-fhir-CodeSystem-be-contactperson-stepdaughter\"> </a><a href=\"be-contactperson.html#be-contactperson-stepdaughter\">stepdaughter</a></td><td>https://www.ehealth.fgov.be/standards/fhir/CodeSystem/be-contactperson</td><td/><td/></tr><tr><td style=\"white-space:nowrap\"><a name=\"https---www.ehealth.fgov.be-standards-fhir-CodeSystem-be-contactperson-stepfather\"> </a><a href=\"be-contactperson.html#be-contactperson-stepfather\">stepfather</a></td><td>https://www.ehealth.fgov.be/standards/fhir/CodeSystem/be-contactperson</td><td/><td/></tr><tr><td style=\"white-space:nowrap\"><a name=\"https---www.ehealth.fgov.be-standards-fhir-CodeSystem-be-contactperson-stepmother\"> </a><a href=\"be-contactperson.html#be-contactperson-stepmother\">stepmother</a></td><td>https://www.ehealth.fgov.be/standards/fhir/CodeSystem/be-contactperson</td><td/><td/></tr><tr><td style=\"white-space:nowrap\"><a name=\"https---www.ehealth.fgov.be-standards-fhir-CodeSystem-be-contactperson-sisterinlaw\"> </a><a href=\"be-contactperson.html#be-contactperson-sisterinlaw\">sisterinlaw</a></td><td>https://www.ehealth.fgov.be/standards/fhir/CodeSystem/be-contactperson</td><td/><td/></tr></table></div>"
      },
      "url" : "https://www.ehealth.fgov.be/standards/fhir/ValueSet/be-contactperson",
      "version" : "1.0.0",
      "name" : "BeContactPerson",
      "status" : "draft",
      "date" : "2019-11-16T14:36:34+01:00",
      "publisher" : "HL7 Belgium",
      "contact" : [{
        "telecom" : [{
          "system" : "other",
          "value" : "http://hl7.org/Special/committees/fiwg"
        }]
      }],
      "description" : "Maximum valuest to define category of a contact person, using the HL7 values and the Belgian CD-CONTACT-PERSON values.",
      "jurisdiction" : [{
        "coding" : [{
          "system" : "http://unstats.un.org/unsd/methods/m49/m49.htm",
          "code" : "001"
        }]
      }],
      "expansion" : {
        "identifier" : "urn:uuid:ab242b3c-a3fa-4fdb-a0db-f2c64612ebf9",
        "timestamp" : "2019-11-16T14:36:51+01:00",
        "total" : 30,
        "parameter" : [{
          "name" : "excludeNested",
          "valueBoolean" : false
        },
        {
          "name" : "version",
          "valueUri" : "http://terminology.hl7.org/CodeSystem/v2-0131|2.9"
        },
        {
          "name" : "version",
          "valueUri" : "https://www.ehealth.fgov.be/standards/fhir/CodeSystem/be-contactperson|1.2"
        }],
        "contains" : [{
          "system" : "http://terminology.hl7.org/CodeSystem/v2-0131",
          "code" : "C",
          "display" : "Emergency Contact"
        },
        {
          "system" : "http://terminology.hl7.org/CodeSystem/v2-0131",
          "code" : "E",
          "display" : "Employer"
        },
        {
          "system" : "http://terminology.hl7.org/CodeSystem/v2-0131",
          "code" : "F",
          "display" : "Federal Agency"
        },
        {
          "system" : "http://terminology.hl7.org/CodeSystem/v2-0131",
          "code" : "I",
          "display" : "Insurance Company"
        },
        {
          "system" : "http://terminology.hl7.org/CodeSystem/v2-0131",
          "code" : "N",
          "display" : "Next-of-Kin"
        },
        {
          "system" : "http://terminology.hl7.org/CodeSystem/v2-0131",
          "code" : "S",
          "display" : "State Agency"
        },
        {
          "system" : "http://terminology.hl7.org/CodeSystem/v2-0131",
          "code" : "U",
          "display" : "Unknown"
        },
        {
          "system" : "https://www.ehealth.fgov.be/standards/fhir/CodeSystem/be-contactperson",
          "code" : "father"
        },
        {
          "system" : "https://www.ehealth.fgov.be/standards/fhir/CodeSystem/be-contactperson",
          "code" : "mother"
        },
        {
          "system" : "https://www.ehealth.fgov.be/standards/fhir/CodeSystem/be-contactperson",
          "code" : "child"
        },
        {
          "system" : "https://www.ehealth.fgov.be/standards/fhir/CodeSystem/be-contactperson",
          "code" : "spouse"
        },
        {
          "system" : "https://www.ehealth.fgov.be/standards/fhir/CodeSystem/be-contactperson",
          "code" : "husband"
        },
        {
          "system" : "https://www.ehealth.fgov.be/standards/fhir/CodeSystem/be-contactperson",
          "code" : "partner"
        },
        {
          "system" : "https://www.ehealth.fgov.be/standards/fhir/CodeSystem/be-contactperson",
          "code" : "brother"
        },
        {
          "system" : "https://www.ehealth.fgov.be/standards/fhir/CodeSystem/be-contactperson",
          "code" : "sister"
        },
        {
          "system" : "https://www.ehealth.fgov.be/standards/fhir/CodeSystem/be-contactperson",
          "code" : "brotherinlaw"
        },
        {
          "system" : "https://www.ehealth.fgov.be/standards/fhir/CodeSystem/be-contactperson",
          "code" : "tutor"
        },
        {
          "system" : "https://www.ehealth.fgov.be/standards/fhir/CodeSystem/be-contactperson",
          "code" : "notary"
        },
        {
          "system" : "https://www.ehealth.fgov.be/standards/fhir/CodeSystem/be-contactperson",
          "code" : "lawyer"
        },
        {
          "system" : "https://www.ehealth.fgov.be/standards/fhir/CodeSystem/be-contactperson",
          "code" : "employer"
        },
        {
          "system" : "https://www.ehealth.fgov.be/standards/fhir/CodeSystem/be-contactperson",
          "code" : "grandparent"
        },
        {
          "system" : "https://www.ehealth.fgov.be/standards/fhir/CodeSystem/be-contactperson",
          "code" : "son"
        },
        {
          "system" : "https://www.ehealth.fgov.be/standards/fhir/CodeSystem/be-contactperson",
          "code" : "daughter"
        },
        {
          "system" : "https://www.ehealth.fgov.be/standards/fhir/CodeSystem/be-contactperson",
          "code" : "grandchild"
        },
        {
          "system" : "https://www.ehealth.fgov.be/standards/fhir/CodeSystem/be-contactperson",
          "code" : "neighbour"
        },
        {
          "system" : "https://www.ehealth.fgov.be/standards/fhir/CodeSystem/be-contactperson",
          "code" : "stepson"
        },
        {
          "system" : "https://www.ehealth.fgov.be/standards/fhir/CodeSystem/be-contactperson",
          "code" : "stepdaughter"
        },
        {
          "system" : "https://www.ehealth.fgov.be/standards/fhir/CodeSystem/be-contactperson",
          "code" : "stepfather"
        },
        {
          "system" : "https://www.ehealth.fgov.be/standards/fhir/CodeSystem/be-contactperson",
          "code" : "stepmother"
        },
        {
          "system" : "https://www.ehealth.fgov.be/standards/fhir/CodeSystem/be-contactperson",
          "code" : "sisterinlaw"
        }]
      }
    }
  },
  {
    "fullUrl" : "https://www.ehealth.fgov.be/standards/fhir/ValueSet/be-causativeagent",
    "resource" : {
      "resourceType" : "ValueSet",
      "id" : "be-causativeagent",
      "text" : {
        "status" : "generated",
        "div" : "<div xmlns=\"http://www.w3.org/1999/xhtml\"><p>This value set contains 138 concepts</p><p style=\"border: black 1px dotted; background-color: #EEEEEE; padding: 8px\">Expansion based on http://terminology.hl7.org/CodeSystem/v3-NullFlavor version 2018-08-12</p><table class=\"codes\"><tr><td style=\"white-space:nowrap\"><b>Code</b></td><td><b>System</b></td><td><b>Display</b></td><td><b>Definition</b></td></tr><tr><td style=\"white-space:nowrap\"><a name=\"http---snomed.info-sct-373270004\"> </a><a href=\"http://browser.ihtsdotools.org/?perspective=full&amp;conceptId1=373270004\">373270004</a></td><td>http://snomed.info/sct</td><td>penicilline</td><td/></tr><tr><td style=\"white-space:nowrap\"><a name=\"http---snomed.info-sct-260170007\"> </a><a href=\"http://browser.ihtsdotools.org/?perspective=full&amp;conceptId1=260170007\">260170007</a></td><td>http://snomed.info/sct</td><td>Aardappel</td><td/></tr><tr><td style=\"white-space:nowrap\"><a name=\"http---snomed.info-sct-102261002\"> </a><a href=\"http://browser.ihtsdotools.org/?perspective=full&amp;conceptId1=102261002\">102261002</a></td><td>http://snomed.info/sct</td><td>Aardbei</td><td/></tr><tr><td style=\"white-space:nowrap\"><a name=\"http---snomed.info-sct-52454007\"> </a><a href=\"http://browser.ihtsdotools.org/?perspective=full&amp;conceptId1=52454007\">52454007</a></td><td>http://snomed.info/sct</td><td>Albumine</td><td/></tr><tr><td style=\"white-space:nowrap\"><a name=\"http---snomed.info-sct-391737006\"> </a><a href=\"http://browser.ihtsdotools.org/?perspective=full&amp;conceptId1=391737006\">391737006</a></td><td>http://snomed.info/sct</td><td>Amandelolie</td><td/></tr><tr><td style=\"white-space:nowrap\"><a name=\"http---snomed.info-sct-256311001\"> </a><a href=\"http://browser.ihtsdotools.org/?perspective=full&amp;conceptId1=256311001\">256311001</a></td><td>http://snomed.info/sct</td><td>Appel</td><td/></tr><tr><td style=\"white-space:nowrap\"><a name=\"http---snomed.info-sct-226491003\"> </a><a href=\"http://browser.ihtsdotools.org/?perspective=full&amp;conceptId1=226491003\">226491003</a></td><td>http://snomed.info/sct</td><td>Appelsap</td><td/></tr><tr><td style=\"white-space:nowrap\"><a name=\"http---snomed.info-sct-412069004\"> </a><a href=\"http://browser.ihtsdotools.org/?perspective=full&amp;conceptId1=412069004\">412069004</a></td><td>http://snomed.info/sct</td><td>Aroma’s</td><td/></tr><tr><td style=\"white-space:nowrap\"><a name=\"http---snomed.info-sct-11526002\"> </a><a href=\"http://browser.ihtsdotools.org/?perspective=full&amp;conceptId1=11526002\">11526002</a></td><td>http://snomed.info/sct</td><td>aspartaam</td><td/></tr><tr><td style=\"white-space:nowrap\"><a name=\"http---snomed.info-sct-256307007\"> </a><a href=\"http://browser.ihtsdotools.org/?perspective=full&amp;conceptId1=256307007\">256307007</a></td><td>http://snomed.info/sct</td><td>Banaan</td><td/></tr><tr><td style=\"white-space:nowrap\"><a name=\"http---snomed.info-sct-227344001\"> </a><a href=\"http://browser.ihtsdotools.org/?perspective=full&amp;conceptId1=227344001\">227344001</a></td><td>http://snomed.info/sct</td><td>Boon</td><td/></tr><tr><td style=\"white-space:nowrap\"><a name=\"http---snomed.info-sct-80237000\"> </a><a href=\"http://browser.ihtsdotools.org/?perspective=full&amp;conceptId1=80237000\">80237000</a></td><td>http://snomed.info/sct</td><td>cacao boter</td><td/></tr><tr><td style=\"white-space:nowrap\"><a name=\"http---snomed.info-sct-227252000\"> </a><a href=\"http://browser.ihtsdotools.org/?perspective=full&amp;conceptId1=227252000\">227252000</a></td><td>http://snomed.info/sct</td><td>champignon</td><td/></tr><tr><td style=\"white-space:nowrap\"><a name=\"http---snomed.info-sct-102262009\"> </a><a href=\"http://browser.ihtsdotools.org/?perspective=full&amp;conceptId1=102262009\">102262009</a></td><td>http://snomed.info/sct</td><td>Chocolade</td><td/></tr><tr><td style=\"white-space:nowrap\"><a name=\"http---snomed.info-sct-59351004\"> </a><a href=\"http://browser.ihtsdotools.org/?perspective=full&amp;conceptId1=59351004\">59351004</a></td><td>http://snomed.info/sct</td><td>citraat</td><td/></tr><tr><td style=\"white-space:nowrap\"><a name=\"http---snomed.info-sct-102259006\"> </a><a href=\"http://browser.ihtsdotools.org/?perspective=full&amp;conceptId1=102259006\">102259006</a></td><td>http://snomed.info/sct</td><td>Citrus</td><td/></tr><tr><td style=\"white-space:nowrap\"><a name=\"http---snomed.info-sct-116273005\"> </a><a href=\"http://browser.ihtsdotools.org/?perspective=full&amp;conceptId1=116273005\">116273005</a></td><td>http://snomed.info/sct</td><td>dieetproducten</td><td/></tr><tr><td style=\"white-space:nowrap\"><a name=\"http---snomed.info-sct-303300008\"> </a><a href=\"http://browser.ihtsdotools.org/?perspective=full&amp;conceptId1=303300008\">303300008</a></td><td>http://snomed.info/sct</td><td>Ei eiwit</td><td/></tr><tr><td style=\"white-space:nowrap\"><a name=\"http---snomed.info-sct-102263004\"> </a><a href=\"http://browser.ihtsdotools.org/?perspective=full&amp;conceptId1=102263004\">102263004</a></td><td>http://snomed.info/sct</td><td>eieren</td><td/></tr><tr><td style=\"white-space:nowrap\"><a name=\"http---snomed.info-sct-256443002\"> </a><a href=\"http://browser.ihtsdotools.org/?perspective=full&amp;conceptId1=256443002\">256443002</a></td><td>http://snomed.info/sct</td><td>Eiwit</td><td/></tr><tr><td style=\"white-space:nowrap\"><a name=\"http---snomed.info-sct-12510000\"> </a><a href=\"http://browser.ihtsdotools.org/?perspective=full&amp;conceptId1=12510000\">12510000</a></td><td>http://snomed.info/sct</td><td>Eucalyptus olie</td><td/></tr><tr><td style=\"white-space:nowrap\"><a name=\"http---snomed.info-sct-227444000\"> </a><a href=\"http://browser.ihtsdotools.org/?perspective=full&amp;conceptId1=227444000\">227444000</a></td><td>http://snomed.info/sct</td><td>Framboos</td><td/></tr><tr><td style=\"white-space:nowrap\"><a name=\"http---snomed.info-sct-72511004\"> </a><a href=\"http://browser.ihtsdotools.org/?perspective=full&amp;conceptId1=72511004\">72511004</a></td><td>http://snomed.info/sct</td><td>Fruit</td><td/></tr><tr><td style=\"white-space:nowrap\"><a name=\"http---snomed.info-sct-278840001\"> </a><a href=\"http://browser.ihtsdotools.org/?perspective=full&amp;conceptId1=278840001\">278840001</a></td><td>http://snomed.info/sct</td><td>Garnalen</td><td/></tr><tr><td style=\"white-space:nowrap\"><a name=\"http---snomed.info-sct-227313005\"> </a><a href=\"http://browser.ihtsdotools.org/?perspective=full&amp;conceptId1=227313005\">227313005</a></td><td>http://snomed.info/sct</td><td>Gedroogde groenten</td><td/></tr><tr><td style=\"white-space:nowrap\"><a name=\"http---snomed.info-sct-28230009\"> </a><a href=\"http://browser.ihtsdotools.org/?perspective=full&amp;conceptId1=28230009\">28230009</a></td><td>http://snomed.info/sct</td><td>Gevogelte</td><td/></tr><tr><td style=\"white-space:nowrap\"><a name=\"http---snomed.info-sct-430503006\"> </a><a href=\"http://browser.ihtsdotools.org/?perspective=full&amp;conceptId1=430503006\">430503006</a></td><td>http://snomed.info/sct</td><td>Glutamaat</td><td/></tr><tr><td style=\"white-space:nowrap\"><a name=\"http---snomed.info-sct-89811004\"> </a><a href=\"http://browser.ihtsdotools.org/?perspective=full&amp;conceptId1=89811004\">89811004</a></td><td>http://snomed.info/sct</td><td>Gluten</td><td/></tr><tr><td style=\"white-space:nowrap\"><a name=\"http---snomed.info-sct-23182003\"> </a><a href=\"http://browser.ihtsdotools.org/?perspective=full&amp;conceptId1=23182003\">23182003</a></td><td>http://snomed.info/sct</td><td>Granen</td><td/></tr><tr><td style=\"white-space:nowrap\"><a name=\"http---snomed.info-sct-418504009\"> </a><a href=\"http://browser.ihtsdotools.org/?perspective=full&amp;conceptId1=418504009\">418504009</a></td><td>http://snomed.info/sct</td><td>Haver</td><td/></tr><tr><td style=\"white-space:nowrap\"><a name=\"http---snomed.info-sct-256352005\"> </a><a href=\"http://browser.ihtsdotools.org/?perspective=full&amp;conceptId1=256352005\">256352005</a></td><td>http://snomed.info/sct</td><td>Hazelnoot</td><td/></tr><tr><td style=\"white-space:nowrap\"><a name=\"http---snomed.info-sct-102264005\"> </a><a href=\"http://browser.ihtsdotools.org/?perspective=full&amp;conceptId1=102264005\">102264005</a></td><td>http://snomed.info/sct</td><td>Kaas</td><td/></tr><tr><td style=\"white-space:nowrap\"><a name=\"http---snomed.info-sct-227388008\"> </a><a href=\"http://browser.ihtsdotools.org/?perspective=full&amp;conceptId1=227388008\">227388008</a></td><td>http://snomed.info/sct</td><td>Kaneel</td><td/></tr><tr><td style=\"white-space:nowrap\"><a name=\"http---snomed.info-sct-256310000\"> </a><a href=\"http://browser.ihtsdotools.org/?perspective=full&amp;conceptId1=256310000\">256310000</a></td><td>http://snomed.info/sct</td><td>Kers</td><td/></tr><tr><td style=\"white-space:nowrap\"><a name=\"http---snomed.info-sct-260176001\"> </a><a href=\"http://browser.ihtsdotools.org/?perspective=full&amp;conceptId1=260176001\">260176001</a></td><td>http://snomed.info/sct</td><td>Kiwi</td><td/></tr><tr><td style=\"white-space:nowrap\"><a name=\"http---snomed.info-sct-264295007\"> </a><a href=\"http://browser.ihtsdotools.org/?perspective=full&amp;conceptId1=264295007\">264295007</a></td><td>http://snomed.info/sct</td><td>koe melkeiwit</td><td/></tr><tr><td style=\"white-space:nowrap\"><a name=\"http---snomed.info-sct-230031005\"> </a><a href=\"http://browser.ihtsdotools.org/?perspective=full&amp;conceptId1=230031005\">230031005</a></td><td>http://snomed.info/sct</td><td>Kreeft</td><td/></tr><tr><td style=\"white-space:nowrap\"><a name=\"http---snomed.info-sct-227374009\"> </a><a href=\"http://browser.ihtsdotools.org/?perspective=full&amp;conceptId1=227374009\">227374009</a></td><td>http://snomed.info/sct</td><td>kruiden en specerijen</td><td/></tr><tr><td style=\"white-space:nowrap\"><a name=\"http---snomed.info-sct-47703008\"> </a><a href=\"http://browser.ihtsdotools.org/?perspective=full&amp;conceptId1=47703008\">47703008</a></td><td>http://snomed.info/sct</td><td>Lactose</td><td/></tr><tr><td style=\"white-space:nowrap\"><a name=\"http---snomed.info-sct-59533004\"> </a><a href=\"http://browser.ihtsdotools.org/?perspective=full&amp;conceptId1=59533004\">59533004</a></td><td>http://snomed.info/sct</td><td>levensmiddelenadditief</td><td/></tr><tr><td style=\"white-space:nowrap\"><a name=\"http---snomed.info-sct-260172004\"> </a><a href=\"http://browser.ihtsdotools.org/?perspective=full&amp;conceptId1=260172004\">260172004</a></td><td>http://snomed.info/sct</td><td>Look</td><td/></tr><tr><td style=\"white-space:nowrap\"><a name=\"http---snomed.info-sct-412357001\"> </a><a href=\"http://browser.ihtsdotools.org/?perspective=full&amp;conceptId1=412357001\">412357001</a></td><td>http://snomed.info/sct</td><td>Maïs</td><td/></tr><tr><td style=\"white-space:nowrap\"><a name=\"http---snomed.info-sct-226760005\"> </a><a href=\"http://browser.ihtsdotools.org/?perspective=full&amp;conceptId1=226760005\">226760005</a></td><td>http://snomed.info/sct</td><td>Melkproducten</td><td/></tr><tr><td style=\"white-space:nowrap\"><a name=\"http---snomed.info-sct-260177005\"> </a><a href=\"http://browser.ihtsdotools.org/?perspective=full&amp;conceptId1=260177005\">260177005</a></td><td>http://snomed.info/sct</td><td>Meloen</td><td/></tr><tr><td style=\"white-space:nowrap\"><a name=\"http---snomed.info-sct-51905005\"> </a><a href=\"http://browser.ihtsdotools.org/?perspective=full&amp;conceptId1=51905005\">51905005</a></td><td>http://snomed.info/sct</td><td>Mosterd</td><td/></tr><tr><td style=\"white-space:nowrap\"><a name=\"http---snomed.info-sct-13577000\"> </a><a href=\"http://browser.ihtsdotools.org/?perspective=full&amp;conceptId1=13577000\">13577000</a></td><td>http://snomed.info/sct</td><td>Noten</td><td/></tr><tr><td style=\"white-space:nowrap\"><a name=\"http---snomed.info-sct-230034002\"> </a><a href=\"http://browser.ihtsdotools.org/?perspective=full&amp;conceptId1=230034002\">230034002</a></td><td>http://snomed.info/sct</td><td>Noten en granen</td><td/></tr><tr><td style=\"white-space:nowrap\"><a name=\"http---snomed.info-sct-227161006\"> </a><a href=\"http://browser.ihtsdotools.org/?perspective=full&amp;conceptId1=227161006\">227161006</a></td><td>http://snomed.info/sct</td><td>Octopus</td><td/></tr><tr><td style=\"white-space:nowrap\"><a name=\"http---snomed.info-sct-230032003\"> </a><a href=\"http://browser.ihtsdotools.org/?perspective=full&amp;conceptId1=230032003\">230032003</a></td><td>http://snomed.info/sct</td><td>Oester</td><td/></tr><tr><td style=\"white-space:nowrap\"><a name=\"http---snomed.info-sct-256309005\"> </a><a href=\"http://browser.ihtsdotools.org/?perspective=full&amp;conceptId1=256309005\">256309005</a></td><td>http://snomed.info/sct</td><td>Perzik</td><td/></tr><tr><td style=\"white-space:nowrap\"><a name=\"http---snomed.info-sct-256349002\"> </a><a href=\"http://browser.ihtsdotools.org/?perspective=full&amp;conceptId1=256349002\">256349002</a></td><td>http://snomed.info/sct</td><td>Pinda</td><td/></tr><tr><td style=\"white-space:nowrap\"><a name=\"http---snomed.info-sct-762952008\"> </a><a href=\"http://browser.ihtsdotools.org/?perspective=full&amp;conceptId1=762952008\">762952008</a></td><td>http://snomed.info/sct</td><td>pindanoten</td><td/></tr><tr><td style=\"white-space:nowrap\"><a name=\"http---snomed.info-sct-67324005\"> </a><a href=\"http://browser.ihtsdotools.org/?perspective=full&amp;conceptId1=67324005\">67324005</a></td><td>http://snomed.info/sct</td><td>Rijst</td><td/></tr><tr><td style=\"white-space:nowrap\"><a name=\"http---snomed.info-sct-412068007\"> </a><a href=\"http://browser.ihtsdotools.org/?perspective=full&amp;conceptId1=412068007\">412068007</a></td><td>http://snomed.info/sct</td><td>Rogge</td><td/></tr><tr><td style=\"white-space:nowrap\"><a name=\"http---snomed.info-sct-226915003\"> </a><a href=\"http://browser.ihtsdotools.org/?perspective=full&amp;conceptId1=226915003\">226915003</a></td><td>http://snomed.info/sct</td><td>Rood vlees</td><td/></tr><tr><td style=\"white-space:nowrap\"><a name=\"http---snomed.info-sct-28647000\"> </a><a href=\"http://browser.ihtsdotools.org/?perspective=full&amp;conceptId1=28647000\">28647000</a></td><td>http://snomed.info/sct</td><td>Rood vlees</td><td/></tr><tr><td style=\"white-space:nowrap\"><a name=\"http---snomed.info-sct-227146005\"> </a><a href=\"http://browser.ihtsdotools.org/?perspective=full&amp;conceptId1=227146005\">227146005</a></td><td>http://snomed.info/sct</td><td>Schaaldieren</td><td/></tr><tr><td style=\"white-space:nowrap\"><a name=\"http---snomed.info-sct-256326004\"> </a><a href=\"http://browser.ihtsdotools.org/?perspective=full&amp;conceptId1=256326004\">256326004</a></td><td>http://snomed.info/sct</td><td>Selder</td><td/></tr><tr><td style=\"white-space:nowrap\"><a name=\"http---snomed.info-sct-260167008\"> </a><a href=\"http://browser.ihtsdotools.org/?perspective=full&amp;conceptId1=260167008\">260167008</a></td><td>http://snomed.info/sct</td><td>Sesamzaad</td><td/></tr><tr><td style=\"white-space:nowrap\"><a name=\"http---snomed.info-sct-256355007\"> </a><a href=\"http://browser.ihtsdotools.org/?perspective=full&amp;conceptId1=256355007\">256355007</a></td><td>http://snomed.info/sct</td><td>soja</td><td/></tr><tr><td style=\"white-space:nowrap\"><a name=\"http---snomed.info-sct-7791007\"> </a><a href=\"http://browser.ihtsdotools.org/?perspective=full&amp;conceptId1=7791007\">7791007</a></td><td>http://snomed.info/sct</td><td>soja-eiwit</td><td/></tr><tr><td style=\"white-space:nowrap\"><a name=\"http---snomed.info-sct-227163009\"> </a><a href=\"http://browser.ihtsdotools.org/?perspective=full&amp;conceptId1=227163009\">227163009</a></td><td>http://snomed.info/sct</td><td>Squid</td><td/></tr><tr><td style=\"white-space:nowrap\"><a name=\"http---snomed.info-sct-412071004\"> </a><a href=\"http://browser.ihtsdotools.org/?perspective=full&amp;conceptId1=412071004\">412071004</a></td><td>http://snomed.info/sct</td><td>Tarwe</td><td/></tr><tr><td style=\"white-space:nowrap\"><a name=\"http---snomed.info-sct-256327008\"> </a><a href=\"http://browser.ihtsdotools.org/?perspective=full&amp;conceptId1=256327008\">256327008</a></td><td>http://snomed.info/sct</td><td>Tomaat</td><td/></tr><tr><td style=\"white-space:nowrap\"><a name=\"http---snomed.info-sct-227144008\"> </a><a href=\"http://browser.ihtsdotools.org/?perspective=full&amp;conceptId1=227144008\">227144008</a></td><td>http://snomed.info/sct</td><td>Tonijn</td><td/></tr><tr><td style=\"white-space:nowrap\"><a name=\"http---snomed.info-sct-256323007\"> </a><a href=\"http://browser.ihtsdotools.org/?perspective=full&amp;conceptId1=256323007\">256323007</a></td><td>http://snomed.info/sct</td><td>Ui</td><td/></tr><tr><td style=\"white-space:nowrap\"><a name=\"http---snomed.info-sct-226934003\"> </a><a href=\"http://browser.ihtsdotools.org/?perspective=full&amp;conceptId1=226934003\">226934003</a></td><td>http://snomed.info/sct</td><td>Varkensvlees</td><td/></tr><tr><td style=\"white-space:nowrap\"><a name=\"http---snomed.info-sct-227425007\"> </a><a href=\"http://browser.ihtsdotools.org/?perspective=full&amp;conceptId1=227425007\">227425007</a></td><td>http://snomed.info/sct</td><td>Vijgen</td><td/></tr><tr><td style=\"white-space:nowrap\"><a name=\"http---snomed.info-sct-227037002\"> </a><a href=\"http://browser.ihtsdotools.org/?perspective=full&amp;conceptId1=227037002\">227037002</a></td><td>http://snomed.info/sct</td><td>Vis</td><td/></tr><tr><td style=\"white-space:nowrap\"><a name=\"http---snomed.info-sct-406774009\"> </a><a href=\"http://browser.ihtsdotools.org/?perspective=full&amp;conceptId1=406774009\">406774009</a></td><td>http://snomed.info/sct</td><td>Vis afgeleid omega-3 vetzuur</td><td/></tr><tr><td style=\"white-space:nowrap\"><a name=\"http---snomed.info-sct-226359003\"> </a><a href=\"http://browser.ihtsdotools.org/?perspective=full&amp;conceptId1=226359003\">226359003</a></td><td>http://snomed.info/sct</td><td>Visolie</td><td/></tr><tr><td style=\"white-space:nowrap\"><a name=\"http---snomed.info-sct-419420009\"> </a><a href=\"http://browser.ihtsdotools.org/?perspective=full&amp;conceptId1=419420009\">419420009</a></td><td>http://snomed.info/sct</td><td>Watermeloen</td><td/></tr><tr><td style=\"white-space:nowrap\"><a name=\"http---snomed.info-sct-256319004\"> </a><a href=\"http://browser.ihtsdotools.org/?perspective=full&amp;conceptId1=256319004\">256319004</a></td><td>http://snomed.info/sct</td><td>Wortel</td><td/></tr><tr><td style=\"white-space:nowrap\"><a name=\"http---snomed.info-sct-264337003\"> </a><a href=\"http://browser.ihtsdotools.org/?perspective=full&amp;conceptId1=264337003\">264337003</a></td><td>http://snomed.info/sct</td><td>Zaden</td><td/></tr><tr><td style=\"white-space:nowrap\"><a name=\"http---snomed.info-sct-44027008\"> </a><a href=\"http://browser.ihtsdotools.org/?perspective=full&amp;conceptId1=44027008\">44027008</a></td><td>http://snomed.info/sct</td><td>Zeevruchten</td><td/></tr><tr><td style=\"white-space:nowrap\"><a name=\"http---snomed.info-sct-412160003\"> </a><a href=\"http://browser.ihtsdotools.org/?perspective=full&amp;conceptId1=412160003\">412160003</a></td><td>http://snomed.info/sct</td><td>Aan hechtdraad gerelateerde allergeen</td><td/></tr><tr><td style=\"white-space:nowrap\"><a name=\"http---snomed.info-sct-12503006\"> </a><a href=\"http://browser.ihtsdotools.org/?perspective=full&amp;conceptId1=12503006\">12503006</a></td><td>http://snomed.info/sct</td><td>Aluminium en aluminium verbindingen</td><td/></tr><tr><td style=\"white-space:nowrap\"><a name=\"http---snomed.info-sct-256303006\"> </a><a href=\"http://browser.ihtsdotools.org/?perspective=full&amp;conceptId1=256303006\">256303006</a></td><td>http://snomed.info/sct</td><td>Ambrosia stuifmeel</td><td/></tr><tr><td style=\"white-space:nowrap\"><a name=\"http---snomed.info-sct-386936005\"> </a><a href=\"http://browser.ihtsdotools.org/?perspective=full&amp;conceptId1=386936005\">386936005</a></td><td>http://snomed.info/sct</td><td>Azelaïnezuur</td><td/></tr><tr><td style=\"white-space:nowrap\"><a name=\"http---snomed.info-sct-91598004\"> </a><a href=\"http://browser.ihtsdotools.org/?perspective=full&amp;conceptId1=91598004\">91598004</a></td><td>http://snomed.info/sct</td><td>Benzoylperoxide</td><td/></tr><tr><td style=\"white-space:nowrap\"><a name=\"http---snomed.info-sct-59545008\"> </a><a href=\"http://browser.ihtsdotools.org/?perspective=full&amp;conceptId1=59545008\">59545008</a></td><td>http://snomed.info/sct</td><td>Bestrijdingsmiddelen</td><td/></tr><tr><td style=\"white-space:nowrap\"><a name=\"http---snomed.info-sct-288328004\"> </a><a href=\"http://browser.ihtsdotools.org/?perspective=full&amp;conceptId1=288328004\">288328004</a></td><td>http://snomed.info/sct</td><td>Bijengif</td><td/></tr><tr><td style=\"white-space:nowrap\"><a name=\"http---snomed.info-sct-255640000\"> </a><a href=\"http://browser.ihtsdotools.org/?perspective=full&amp;conceptId1=255640000\">255640000</a></td><td>http://snomed.info/sct</td><td>Biocide</td><td/></tr><tr><td style=\"white-space:nowrap\"><a name=\"http---snomed.info-sct-256305004\"> </a><a href=\"http://browser.ihtsdotools.org/?perspective=full&amp;conceptId1=256305004\">256305004</a></td><td>http://snomed.info/sct</td><td>Boom hars</td><td/></tr><tr><td style=\"white-space:nowrap\"><a name=\"http---snomed.info-sct-412061001\"> </a><a href=\"http://browser.ihtsdotools.org/?perspective=full&amp;conceptId1=412061001\">412061001</a></td><td>http://snomed.info/sct</td><td>Bosbessen</td><td/></tr><tr><td style=\"white-space:nowrap\"><a name=\"http---snomed.info-sct-9021002\"> </a><a href=\"http://browser.ihtsdotools.org/?perspective=full&amp;conceptId1=9021002\">9021002</a></td><td>http://snomed.info/sct</td><td>Carbaryl</td><td/></tr><tr><td style=\"white-space:nowrap\"><a name=\"http---snomed.info-sct-311984009\"> </a><a href=\"http://browser.ihtsdotools.org/?perspective=full&amp;conceptId1=311984009\">311984009</a></td><td>http://snomed.info/sct</td><td>Chemicaliën of externe</td><td/></tr><tr><td style=\"white-space:nowrap\"><a name=\"http---snomed.info-sct-11894001\"> </a><a href=\"http://browser.ihtsdotools.org/?perspective=full&amp;conceptId1=11894001\">11894001</a></td><td>http://snomed.info/sct</td><td>Clostridium Botulinetoxine</td><td/></tr><tr><td style=\"white-space:nowrap\"><a name=\"http---snomed.info-sct-406473004\"> </a><a href=\"http://browser.ihtsdotools.org/?perspective=full&amp;conceptId1=406473004\">406473004</a></td><td>http://snomed.info/sct</td><td>Contact allergeen</td><td/></tr><tr><td style=\"white-space:nowrap\"><a name=\"http---snomed.info-sct-289122001\"> </a><a href=\"http://browser.ihtsdotools.org/?perspective=full&amp;conceptId1=289122001\">289122001</a></td><td>http://snomed.info/sct</td><td>Cosmetica</td><td/></tr><tr><td style=\"white-space:nowrap\"><a name=\"http---snomed.info-sct-289949002\"> </a><a href=\"http://browser.ihtsdotools.org/?perspective=full&amp;conceptId1=289949002\">289949002</a></td><td>http://snomed.info/sct</td><td>Cypress stuifmeel</td><td/></tr><tr><td style=\"white-space:nowrap\"><a name=\"http---snomed.info-sct-406472009\"> </a><a href=\"http://browser.ihtsdotools.org/?perspective=full&amp;conceptId1=406472009\">406472009</a></td><td>http://snomed.info/sct</td><td>Dierlijke eiwitten en epidermale allergeen</td><td/></tr><tr><td style=\"white-space:nowrap\"><a name=\"http---snomed.info-sct-276310004\"> </a><a href=\"http://browser.ihtsdotools.org/?perspective=full&amp;conceptId1=276310004\">276310004</a></td><td>http://snomed.info/sct</td><td>Dierlijke haren</td><td/></tr><tr><td style=\"white-space:nowrap\"><a name=\"http---snomed.info-sct-264287008\"> </a><a href=\"http://browser.ihtsdotools.org/?perspective=full&amp;conceptId1=264287008\">264287008</a></td><td>http://snomed.info/sct</td><td>Dierlijke huidschilfers</td><td/></tr><tr><td style=\"white-space:nowrap\"><a name=\"http---snomed.info-sct-396031000\"> </a><a href=\"http://browser.ihtsdotools.org/?perspective=full&amp;conceptId1=396031000\">396031000</a></td><td>http://snomed.info/sct</td><td>Dimeticon</td><td/></tr><tr><td style=\"white-space:nowrap\"><a name=\"http---snomed.info-sct-387293003\"> </a><a href=\"http://browser.ihtsdotools.org/?perspective=full&amp;conceptId1=387293003\">387293003</a></td><td>http://snomed.info/sct</td><td>Ditranol</td><td/></tr><tr><td style=\"white-space:nowrap\"><a name=\"http---snomed.info-sct-260156007\"> </a><a href=\"http://browser.ihtsdotools.org/?perspective=full&amp;conceptId1=260156007\">260156007</a></td><td>http://snomed.info/sct</td><td>Eiwit van muizenurine</td><td/></tr><tr><td style=\"white-space:nowrap\"><a name=\"http---snomed.info-sct-256419000\"> </a><a href=\"http://browser.ihtsdotools.org/?perspective=full&amp;conceptId1=256419000\">256419000</a></td><td>http://snomed.info/sct</td><td>Epitheel van muis</td><td/></tr><tr><td style=\"white-space:nowrap\"><a name=\"http---snomed.info-sct-115589000\"> </a><a href=\"http://browser.ihtsdotools.org/?perspective=full&amp;conceptId1=115589000\">115589000</a></td><td>http://snomed.info/sct</td><td>Ethanolamine</td><td/></tr><tr><td style=\"white-space:nowrap\"><a name=\"http---snomed.info-sct-418266005\"> </a><a href=\"http://browser.ihtsdotools.org/?perspective=full&amp;conceptId1=418266005\">418266005</a></td><td>http://snomed.info/sct</td><td>Gele paraffine</td><td/></tr><tr><td style=\"white-space:nowrap\"><a name=\"http---snomed.info-sct-410853002\"> </a><a href=\"http://browser.ihtsdotools.org/?perspective=full&amp;conceptId1=410853002\">410853002</a></td><td>http://snomed.info/sct</td><td>Geperfluoreerde</td><td/></tr><tr><td style=\"white-space:nowrap\"><a name=\"http---snomed.info-sct-2309006\"> </a><a href=\"http://browser.ihtsdotools.org/?perspective=full&amp;conceptId1=2309006\">2309006</a></td><td>http://snomed.info/sct</td><td>Goud</td><td/></tr><tr><td style=\"white-space:nowrap\"><a name=\"http---snomed.info-sct-412145001\"> </a><a href=\"http://browser.ihtsdotools.org/?perspective=full&amp;conceptId1=412145001\">412145001</a></td><td>http://snomed.info/sct</td><td>Haarkleurmiddelen</td><td/></tr><tr><td style=\"white-space:nowrap\"><a name=\"http---snomed.info-sct-260154005\"> </a><a href=\"http://browser.ihtsdotools.org/?perspective=full&amp;conceptId1=260154005\">260154005</a></td><td>http://snomed.info/sct</td><td>Hond huidschilfers</td><td/></tr><tr><td style=\"white-space:nowrap\"><a name=\"http---snomed.info-sct-14402002\"> </a><a href=\"http://browser.ihtsdotools.org/?perspective=full&amp;conceptId1=14402002\">14402002</a></td><td>http://snomed.info/sct</td><td>Hout</td><td/></tr><tr><td style=\"white-space:nowrap\"><a name=\"http---snomed.info-sct-128488006\"> </a><a href=\"http://browser.ihtsdotools.org/?perspective=full&amp;conceptId1=128488006\">128488006</a></td><td>http://snomed.info/sct</td><td>Huisstof</td><td/></tr><tr><td style=\"white-space:nowrap\"><a name=\"http---snomed.info-sct-406466009\"> </a><a href=\"http://browser.ihtsdotools.org/?perspective=full&amp;conceptId1=406466009\">406466009</a></td><td>http://snomed.info/sct</td><td>Huisstof allergeen</td><td/></tr><tr><td style=\"white-space:nowrap\"><a name=\"http---snomed.info-sct-3829006\"> </a><a href=\"http://browser.ihtsdotools.org/?perspective=full&amp;conceptId1=3829006\">3829006</a></td><td>http://snomed.info/sct</td><td>Ijzer</td><td/></tr><tr><td style=\"white-space:nowrap\"><a name=\"http---snomed.info-sct-406470001\"> </a><a href=\"http://browser.ihtsdotools.org/?perspective=full&amp;conceptId1=406470001\">406470001</a></td><td>http://snomed.info/sct</td><td>Insect allergeen</td><td/></tr><tr><td style=\"white-space:nowrap\"><a name=\"http---snomed.info-sct-280939008\"> </a><a href=\"http://browser.ihtsdotools.org/?perspective=full&amp;conceptId1=280939008\">280939008</a></td><td>http://snomed.info/sct</td><td>Insectengif</td><td/></tr><tr><td style=\"white-space:nowrap\"><a name=\"http---snomed.info-sct-260118006\"> </a><a href=\"http://browser.ihtsdotools.org/?perspective=full&amp;conceptId1=260118006\">260118006</a></td><td>http://snomed.info/sct</td><td>Judaica stuifmeel</td><td/></tr><tr><td style=\"white-space:nowrap\"><a name=\"http---snomed.info-sct-260152009\"> </a><a href=\"http://browser.ihtsdotools.org/?perspective=full&amp;conceptId1=260152009\">260152009</a></td><td>http://snomed.info/sct</td><td>Kat huidschilfers</td><td/></tr><tr><td style=\"white-space:nowrap\"><a name=\"http---snomed.info-sct-89889006\"> </a><a href=\"http://browser.ihtsdotools.org/?perspective=full&amp;conceptId1=89889006\">89889006</a></td><td>http://snomed.info/sct</td><td>Katoenen vezels</td><td/></tr><tr><td style=\"white-space:nowrap\"><a name=\"http---snomed.info-sct-61789006\"> </a><a href=\"http://browser.ihtsdotools.org/?perspective=full&amp;conceptId1=61789006\">61789006</a></td><td>http://snomed.info/sct</td><td>Kleurstof</td><td/></tr><tr><td style=\"white-space:nowrap\"><a name=\"http---snomed.info-sct-260153004\"> </a><a href=\"http://browser.ihtsdotools.org/?perspective=full&amp;conceptId1=260153004\">260153004</a></td><td>http://snomed.info/sct</td><td>Koe huidschilfers</td><td/></tr><tr><td style=\"white-space:nowrap\"><a name=\"http---snomed.info-sct-412153009\"> </a><a href=\"http://browser.ihtsdotools.org/?perspective=full&amp;conceptId1=412153009\">412153009</a></td><td>http://snomed.info/sct</td><td>Konijn huidschilfers</td><td/></tr><tr><td style=\"white-space:nowrap\"><a name=\"http---snomed.info-sct-66925006\"> </a><a href=\"http://browser.ihtsdotools.org/?perspective=full&amp;conceptId1=66925006\">66925006</a></td><td>http://snomed.info/sct</td><td>Koper</td><td/></tr><tr><td style=\"white-space:nowrap\"><a name=\"http---snomed.info-sct-395922006\"> </a><a href=\"http://browser.ihtsdotools.org/?perspective=full&amp;conceptId1=395922006\">395922006</a></td><td>http://snomed.info/sct</td><td>Lanoline</td><td/></tr><tr><td style=\"white-space:nowrap\"><a name=\"http---snomed.info-sct-42416001\"> </a><a href=\"http://browser.ihtsdotools.org/?perspective=full&amp;conceptId1=42416001\">42416001</a></td><td>http://snomed.info/sct</td><td>Lanoline</td><td/></tr><tr><td style=\"white-space:nowrap\"><a name=\"http---snomed.info-sct-57126000\"> </a><a href=\"http://browser.ihtsdotools.org/?perspective=full&amp;conceptId1=57126000\">57126000</a></td><td>http://snomed.info/sct</td><td>Lijm</td><td/></tr><tr><td style=\"white-space:nowrap\"><a name=\"http---snomed.info-sct-261243003\"> </a><a href=\"http://browser.ihtsdotools.org/?perspective=full&amp;conceptId1=261243003\">261243003</a></td><td>http://snomed.info/sct</td><td>Messing</td><td/></tr><tr><td style=\"white-space:nowrap\"><a name=\"http---snomed.info-sct-420111002\"> </a><a href=\"http://browser.ihtsdotools.org/?perspective=full&amp;conceptId1=420111002\">420111002</a></td><td>http://snomed.info/sct</td><td>Metaal</td><td/></tr><tr><td style=\"white-space:nowrap\"><a name=\"http---snomed.info-sct-2799001\"> </a><a href=\"http://browser.ihtsdotools.org/?perspective=full&amp;conceptId1=2799001\">2799001</a></td><td>http://snomed.info/sct</td><td>Methylbenzethonium chloride</td><td/></tr><tr><td style=\"white-space:nowrap\"><a name=\"http---snomed.info-sct-33396006\"> </a><a href=\"http://browser.ihtsdotools.org/?perspective=full&amp;conceptId1=33396006\">33396006</a></td><td>http://snomed.info/sct</td><td>nikkel</td><td/></tr><tr><td style=\"white-space:nowrap\"><a name=\"http---snomed.info-sct-260126003\"> </a><a href=\"http://browser.ihtsdotools.org/?perspective=full&amp;conceptId1=260126003\">260126003</a></td><td>http://snomed.info/sct</td><td>Olijfboom stuifmeel</td><td/></tr><tr><td style=\"white-space:nowrap\"><a name=\"http---snomed.info-sct-419604006\"> </a><a href=\"http://browser.ihtsdotools.org/?perspective=full&amp;conceptId1=419604006\">419604006</a></td><td>http://snomed.info/sct</td><td>Onkruid stuifmeel</td><td/></tr><tr><td style=\"white-space:nowrap\"><a name=\"http---snomed.info-sct-119417004\"> </a><a href=\"http://browser.ihtsdotools.org/?perspective=full&amp;conceptId1=119417004\">119417004</a></td><td>http://snomed.info/sct</td><td>Organofosforverbinding (insecticide)</td><td/></tr><tr><td style=\"white-space:nowrap\"><a name=\"http---snomed.info-sct-256417003\"> </a><a href=\"http://browser.ihtsdotools.org/?perspective=full&amp;conceptId1=256417003\">256417003</a></td><td>http://snomed.info/sct</td><td>Paard huidschilfers</td><td/></tr><tr><td style=\"white-space:nowrap\"><a name=\"http---snomed.info-sct-255667006\"> </a><a href=\"http://browser.ihtsdotools.org/?perspective=full&amp;conceptId1=255667006\">255667006</a></td><td>http://snomed.info/sct</td><td>Paraffine</td><td/></tr><tr><td style=\"white-space:nowrap\"><a name=\"http---snomed.info-sct-418785009\"> </a><a href=\"http://browser.ihtsdotools.org/?perspective=full&amp;conceptId1=418785009\">418785009</a></td><td>http://snomed.info/sct</td><td>Parfum</td><td/></tr><tr><td style=\"white-space:nowrap\"><a name=\"http---snomed.info-sct-31006001\"> </a><a href=\"http://browser.ihtsdotools.org/?perspective=full&amp;conceptId1=31006001\">31006001</a></td><td>http://snomed.info/sct</td><td>Planten</td><td/></tr><tr><td style=\"white-space:nowrap\"><a name=\"http---snomed.info-sct-387398009\"> </a><a href=\"http://browser.ihtsdotools.org/?perspective=full&amp;conceptId1=387398009\">387398009</a></td><td>http://snomed.info/sct</td><td>Podophyllin</td><td/></tr><tr><td style=\"white-space:nowrap\"><a name=\"http---snomed.info-sct-256259004\"> </a><a href=\"http://browser.ihtsdotools.org/?perspective=full&amp;conceptId1=256259004\">256259004</a></td><td>http://snomed.info/sct</td><td>Pollen</td><td/></tr><tr><td style=\"white-space:nowrap\"><a name=\"http---snomed.info-sct-83619009\"> </a><a href=\"http://browser.ihtsdotools.org/?perspective=full&amp;conceptId1=83619009\">83619009</a></td><td>http://snomed.info/sct</td><td>Polyvinylalcohol</td><td/></tr><tr><td style=\"white-space:nowrap\"><a name=\"http---snomed.info-sct-311846002\"> </a><a href=\"http://browser.ihtsdotools.org/?perspective=full&amp;conceptId1=311846002\">311846002</a></td><td>http://snomed.info/sct</td><td>Pyrethroïde insecticide</td><td/></tr><tr><td style=\"white-space:nowrap\"><a name=\"http---snomed.info-sct-43230003\"> </a><a href=\"http://browser.ihtsdotools.org/?perspective=full&amp;conceptId1=43230003\">43230003</a></td><td>http://snomed.info/sct</td><td>Rubber</td><td/></tr><tr><td style=\"white-space:nowrap\"><a name=\"http---snomed.info-sct-116549003\"> </a><a href=\"http://browser.ihtsdotools.org/?perspective=full&amp;conceptId1=116549003\">116549003</a></td><td>http://snomed.info/sct</td><td>Samengestelde organochlore (bestrijdingsmiddelen)</td><td/></tr><tr><td style=\"white-space:nowrap\"><a name=\"http---terminology.hl7.org-CodeSystem-v3-NullFlavor-OTH\"> </a><a href=\"http://hl7.org/fhir/R4/v3/NullFlavor/cs.html#v3-NullFlavor-OTH\">OTH</a></td><td>http://terminology.hl7.org/CodeSystem/v3-NullFlavor</td><td>other</td><td>Description:The actual value is not a member of the set of permitted data values in the constrained value domain of a variable. (e.g., concept not provided by required code system).\r\n\n                        \n                           Usage Notes: This flavor and its specializations are most commonly used with the CD datatype and its flavors.  However, it may apply to *any* datatype where the constraints of the type are tighter than can be conveyed.  For example, a PQ that is for a true measured amount whose units are not supported in UCUM, a need to convey a REAL when the type has been constrained to INT, etc.\r\n\n                        With coded datatypes, this null flavor may only be used if the vocabulary binding has a coding strength of CNE.  By definition, all local codes and original text are part of the value set if the coding strength is CWE.</td></tr></table></div>"
      },
      "url" : "https://www.ehealth.fgov.be/standards/fhir/ValueSet/be-causativeagent",
      "version" : "1.0.0",
      "name" : "BeCausativeAgent",
      "status" : "draft",
      "date" : "2019-11-16T14:36:34+01:00",
      "publisher" : "HL7 Belgium",
      "contact" : [{
        "telecom" : [{
          "system" : "other",
          "value" : "http://hl7.org/Special/committees/fiwg"
        }]
      }],
      "description" : "Codes as communicated by NIHDI differentiating types of causative agent. This valueset supports the Belgian federal FHIR profiling effort.",
      "jurisdiction" : [{
        "coding" : [{
          "system" : "http://unstats.un.org/unsd/methods/m49/m49.htm",
          "code" : "001"
        }]
      }],
      "expansion" : {
        "identifier" : "urn:uuid:e0b74790-73f3-4d07-a578-a58173cd16d0",
        "timestamp" : "2019-11-16T14:36:51+01:00",
        "total" : 138,
        "parameter" : [{
          "name" : "excludeNested",
          "valueBoolean" : false
        },
        {
          "name" : "limitedExpansion",
          "valueString" : "-1"
        },
        {
          "name" : "version",
          "valueString" : "http://snomed.info/sct?version=http://snomed.info/sct/20611000087101/version/20190430"
        },
        {
          "name" : "version",
          "valueUri" : "http://terminology.hl7.org/CodeSystem/v3-NullFlavor|2018-08-12"
        }],
        "contains" : [{
          "system" : "http://snomed.info/sct",
          "code" : "373270004",
          "display" : "penicilline"
        },
        {
          "system" : "http://snomed.info/sct",
          "code" : "260170007",
          "display" : "Aardappel"
        },
        {
          "system" : "http://snomed.info/sct",
          "code" : "102261002",
          "display" : "Aardbei"
        },
        {
          "system" : "http://snomed.info/sct",
          "code" : "52454007",
          "display" : "Albumine"
        },
        {
          "system" : "http://snomed.info/sct",
          "code" : "391737006",
          "display" : "Amandelolie"
        },
        {
          "system" : "http://snomed.info/sct",
          "code" : "256311001",
          "display" : "Appel"
        },
        {
          "system" : "http://snomed.info/sct",
          "code" : "226491003",
          "display" : "Appelsap"
        },
        {
          "system" : "http://snomed.info/sct",
          "code" : "412069004",
          "display" : "Aroma’s"
        },
        {
          "system" : "http://snomed.info/sct",
          "code" : "11526002",
          "display" : "aspartaam"
        },
        {
          "system" : "http://snomed.info/sct",
          "code" : "256307007",
          "display" : "Banaan"
        },
        {
          "system" : "http://snomed.info/sct",
          "code" : "227344001",
          "display" : "Boon"
        },
        {
          "system" : "http://snomed.info/sct",
          "code" : "80237000",
          "display" : "cacao boter"
        },
        {
          "system" : "http://snomed.info/sct",
          "code" : "227252000",
          "display" : "champignon"
        },
        {
          "system" : "http://snomed.info/sct",
          "code" : "102262009",
          "display" : "Chocolade"
        },
        {
          "system" : "http://snomed.info/sct",
          "code" : "59351004",
          "display" : "citraat"
        },
        {
          "system" : "http://snomed.info/sct",
          "code" : "102259006",
          "display" : "Citrus"
        },
        {
          "system" : "http://snomed.info/sct",
          "code" : "116273005",
          "display" : "dieetproducten"
        },
        {
          "system" : "http://snomed.info/sct",
          "code" : "303300008",
          "display" : "Ei eiwit"
        },
        {
          "system" : "http://snomed.info/sct",
          "code" : "102263004",
          "display" : "eieren"
        },
        {
          "system" : "http://snomed.info/sct",
          "code" : "256443002",
          "display" : "Eiwit"
        },
        {
          "system" : "http://snomed.info/sct",
          "code" : "12510000",
          "display" : "Eucalyptus olie"
        },
        {
          "system" : "http://snomed.info/sct",
          "code" : "227444000",
          "display" : "Framboos"
        },
        {
          "system" : "http://snomed.info/sct",
          "code" : "72511004",
          "display" : "Fruit"
        },
        {
          "system" : "http://snomed.info/sct",
          "code" : "278840001",
          "display" : "Garnalen"
        },
        {
          "system" : "http://snomed.info/sct",
          "code" : "227313005",
          "display" : "Gedroogde groenten"
        },
        {
          "system" : "http://snomed.info/sct",
          "code" : "28230009",
          "display" : "Gevogelte"
        },
        {
          "system" : "http://snomed.info/sct",
          "code" : "430503006",
          "display" : "Glutamaat"
        },
        {
          "system" : "http://snomed.info/sct",
          "code" : "89811004",
          "display" : "Gluten"
        },
        {
          "system" : "http://snomed.info/sct",
          "code" : "23182003",
          "display" : "Granen"
        },
        {
          "system" : "http://snomed.info/sct",
          "code" : "418504009",
          "display" : "Haver"
        },
        {
          "system" : "http://snomed.info/sct",
          "code" : "256352005",
          "display" : "Hazelnoot"
        },
        {
          "system" : "http://snomed.info/sct",
          "code" : "102264005",
          "display" : "Kaas"
        },
        {
          "system" : "http://snomed.info/sct",
          "code" : "227388008",
          "display" : "Kaneel"
        },
        {
          "system" : "http://snomed.info/sct",
          "code" : "256310000",
          "display" : "Kers"
        },
        {
          "system" : "http://snomed.info/sct",
          "code" : "260176001",
          "display" : "Kiwi"
        },
        {
          "system" : "http://snomed.info/sct",
          "code" : "264295007",
          "display" : "koe melkeiwit"
        },
        {
          "system" : "http://snomed.info/sct",
          "code" : "230031005",
          "display" : "Kreeft"
        },
        {
          "system" : "http://snomed.info/sct",
          "code" : "227374009",
          "display" : "kruiden en specerijen"
        },
        {
          "system" : "http://snomed.info/sct",
          "code" : "47703008",
          "display" : "Lactose"
        },
        {
          "system" : "http://snomed.info/sct",
          "code" : "59533004",
          "display" : "levensmiddelenadditief"
        },
        {
          "system" : "http://snomed.info/sct",
          "code" : "260172004",
          "display" : "Look"
        },
        {
          "system" : "http://snomed.info/sct",
          "code" : "412357001",
          "display" : "Maïs"
        },
        {
          "system" : "http://snomed.info/sct",
          "code" : "226760005",
          "display" : "Melkproducten"
        },
        {
          "system" : "http://snomed.info/sct",
          "code" : "260177005",
          "display" : "Meloen"
        },
        {
          "system" : "http://snomed.info/sct",
          "code" : "51905005",
          "display" : "Mosterd"
        },
        {
          "system" : "http://snomed.info/sct",
          "code" : "13577000",
          "display" : "Noten"
        },
        {
          "system" : "http://snomed.info/sct",
          "code" : "230034002",
          "display" : "Noten en granen"
        },
        {
          "system" : "http://snomed.info/sct",
          "code" : "227161006",
          "display" : "Octopus"
        },
        {
          "system" : "http://snomed.info/sct",
          "code" : "230032003",
          "display" : "Oester"
        },
        {
          "system" : "http://snomed.info/sct",
          "code" : "256309005",
          "display" : "Perzik"
        },
        {
          "system" : "http://snomed.info/sct",
          "code" : "256349002",
          "display" : "Pinda"
        },
        {
          "system" : "http://snomed.info/sct",
          "code" : "762952008",
          "display" : "pindanoten"
        },
        {
          "system" : "http://snomed.info/sct",
          "code" : "67324005",
          "display" : "Rijst"
        },
        {
          "system" : "http://snomed.info/sct",
          "code" : "412068007",
          "display" : "Rogge"
        },
        {
          "system" : "http://snomed.info/sct",
          "code" : "226915003",
          "display" : "Rood vlees"
        },
        {
          "system" : "http://snomed.info/sct",
          "code" : "28647000",
          "display" : "Rood vlees"
        },
        {
          "system" : "http://snomed.info/sct",
          "code" : "227146005",
          "display" : "Schaaldieren"
        },
        {
          "system" : "http://snomed.info/sct",
          "code" : "256326004",
          "display" : "Selder"
        },
        {
          "system" : "http://snomed.info/sct",
          "code" : "260167008",
          "display" : "Sesamzaad"
        },
        {
          "system" : "http://snomed.info/sct",
          "code" : "256355007",
          "display" : "soja"
        },
        {
          "system" : "http://snomed.info/sct",
          "code" : "7791007",
          "display" : "soja-eiwit"
        },
        {
          "system" : "http://snomed.info/sct",
          "code" : "227163009",
          "display" : "Squid"
        },
        {
          "system" : "http://snomed.info/sct",
          "code" : "412071004",
          "display" : "Tarwe"
        },
        {
          "system" : "http://snomed.info/sct",
          "code" : "256327008",
          "display" : "Tomaat"
        },
        {
          "system" : "http://snomed.info/sct",
          "code" : "227144008",
          "display" : "Tonijn"
        },
        {
          "system" : "http://snomed.info/sct",
          "code" : "256323007",
          "display" : "Ui"
        },
        {
          "system" : "http://snomed.info/sct",
          "code" : "226934003",
          "display" : "Varkensvlees"
        },
        {
          "system" : "http://snomed.info/sct",
          "code" : "227425007",
          "display" : "Vijgen"
        },
        {
          "system" : "http://snomed.info/sct",
          "code" : "227037002",
          "display" : "Vis"
        },
        {
          "system" : "http://snomed.info/sct",
          "code" : "406774009",
          "display" : "Vis afgeleid omega-3 vetzuur"
        },
        {
          "system" : "http://snomed.info/sct",
          "code" : "226359003",
          "display" : "Visolie"
        },
        {
          "system" : "http://snomed.info/sct",
          "code" : "419420009",
          "display" : "Watermeloen"
        },
        {
          "system" : "http://snomed.info/sct",
          "code" : "256319004",
          "display" : "Wortel"
        },
        {
          "system" : "http://snomed.info/sct",
          "code" : "264337003",
          "display" : "Zaden"
        },
        {
          "system" : "http://snomed.info/sct",
          "code" : "44027008",
          "display" : "Zeevruchten"
        },
        {
          "system" : "http://snomed.info/sct",
          "code" : "412160003",
          "display" : "Aan hechtdraad gerelateerde allergeen"
        },
        {
          "system" : "http://snomed.info/sct",
          "code" : "12503006",
          "display" : "Aluminium en aluminium verbindingen"
        },
        {
          "system" : "http://snomed.info/sct",
          "code" : "256303006",
          "display" : "Ambrosia stuifmeel"
        },
        {
          "system" : "http://snomed.info/sct",
          "code" : "386936005",
          "display" : "Azelaïnezuur"
        },
        {
          "system" : "http://snomed.info/sct",
          "code" : "91598004",
          "display" : "Benzoylperoxide"
        },
        {
          "system" : "http://snomed.info/sct",
          "code" : "59545008",
          "display" : "Bestrijdingsmiddelen"
        },
        {
          "system" : "http://snomed.info/sct",
          "code" : "288328004",
          "display" : "Bijengif"
        },
        {
          "system" : "http://snomed.info/sct",
          "code" : "255640000",
          "display" : "Biocide"
        },
        {
          "system" : "http://snomed.info/sct",
          "code" : "256305004",
          "display" : "Boom hars"
        },
        {
          "system" : "http://snomed.info/sct",
          "code" : "412061001",
          "display" : "Bosbessen"
        },
        {
          "system" : "http://snomed.info/sct",
          "code" : "9021002",
          "display" : "Carbaryl"
        },
        {
          "system" : "http://snomed.info/sct",
          "code" : "311984009",
          "display" : "Chemicaliën of externe"
        },
        {
          "system" : "http://snomed.info/sct",
          "code" : "11894001",
          "display" : "Clostridium Botulinetoxine"
        },
        {
          "system" : "http://snomed.info/sct",
          "code" : "406473004",
          "display" : "Contact allergeen"
        },
        {
          "system" : "http://snomed.info/sct",
          "code" : "289122001",
          "display" : "Cosmetica"
        },
        {
          "system" : "http://snomed.info/sct",
          "code" : "289949002",
          "display" : "Cypress stuifmeel"
        },
        {
          "system" : "http://snomed.info/sct",
          "code" : "406472009",
          "display" : "Dierlijke eiwitten en epidermale allergeen"
        },
        {
          "system" : "http://snomed.info/sct",
          "code" : "276310004",
          "display" : "Dierlijke haren"
        },
        {
          "system" : "http://snomed.info/sct",
          "code" : "264287008",
          "display" : "Dierlijke huidschilfers"
        },
        {
          "system" : "http://snomed.info/sct",
          "code" : "396031000",
          "display" : "Dimeticon"
        },
        {
          "system" : "http://snomed.info/sct",
          "code" : "387293003",
          "display" : "Ditranol"
        },
        {
          "system" : "http://snomed.info/sct",
          "code" : "260156007",
          "display" : "Eiwit van muizenurine"
        },
        {
          "system" : "http://snomed.info/sct",
          "code" : "256419000",
          "display" : "Epitheel van muis"
        },
        {
          "system" : "http://snomed.info/sct",
          "code" : "115589000",
          "display" : "Ethanolamine"
        },
        {
          "system" : "http://snomed.info/sct",
          "code" : "418266005",
          "display" : "Gele paraffine"
        },
        {
          "system" : "http://snomed.info/sct",
          "code" : "410853002",
          "display" : "Geperfluoreerde"
        },
        {
          "system" : "http://snomed.info/sct",
          "code" : "2309006",
          "display" : "Goud"
        },
        {
          "system" : "http://snomed.info/sct",
          "code" : "412145001",
          "display" : "Haarkleurmiddelen"
        },
        {
          "system" : "http://snomed.info/sct",
          "code" : "260154005",
          "display" : "Hond huidschilfers"
        },
        {
          "system" : "http://snomed.info/sct",
          "code" : "14402002",
          "display" : "Hout"
        },
        {
          "system" : "http://snomed.info/sct",
          "code" : "128488006",
          "display" : "Huisstof"
        },
        {
          "system" : "http://snomed.info/sct",
          "code" : "406466009",
          "display" : "Huisstof allergeen"
        },
        {
          "system" : "http://snomed.info/sct",
          "code" : "3829006",
          "display" : "Ijzer"
        },
        {
          "system" : "http://snomed.info/sct",
          "code" : "406470001",
          "display" : "Insect allergeen"
        },
        {
          "system" : "http://snomed.info/sct",
          "code" : "280939008",
          "display" : "Insectengif"
        },
        {
          "system" : "http://snomed.info/sct",
          "code" : "260118006",
          "display" : "Judaica stuifmeel"
        },
        {
          "system" : "http://snomed.info/sct",
          "code" : "260152009",
          "display" : "Kat huidschilfers"
        },
        {
          "system" : "http://snomed.info/sct",
          "code" : "89889006",
          "display" : "Katoenen vezels"
        },
        {
          "system" : "http://snomed.info/sct",
          "code" : "61789006",
          "display" : "Kleurstof"
        },
        {
          "system" : "http://snomed.info/sct",
          "code" : "260153004",
          "display" : "Koe huidschilfers"
        },
        {
          "system" : "http://snomed.info/sct",
          "code" : "412153009",
          "display" : "Konijn huidschilfers"
        },
        {
          "system" : "http://snomed.info/sct",
          "code" : "66925006",
          "display" : "Koper"
        },
        {
          "system" : "http://snomed.info/sct",
          "code" : "395922006",
          "display" : "Lanoline"
        },
        {
          "system" : "http://snomed.info/sct",
          "code" : "42416001",
          "display" : "Lanoline"
        },
        {
          "system" : "http://snomed.info/sct",
          "code" : "57126000",
          "display" : "Lijm"
        },
        {
          "system" : "http://snomed.info/sct",
          "code" : "261243003",
          "display" : "Messing"
        },
        {
          "system" : "http://snomed.info/sct",
          "code" : "420111002",
          "display" : "Metaal"
        },
        {
          "system" : "http://snomed.info/sct",
          "code" : "2799001",
          "display" : "Methylbenzethonium chloride"
        },
        {
          "system" : "http://snomed.info/sct",
          "code" : "33396006",
          "display" : "nikkel"
        },
        {
          "system" : "http://snomed.info/sct",
          "code" : "260126003",
          "display" : "Olijfboom stuifmeel"
        },
        {
          "system" : "http://snomed.info/sct",
          "code" : "419604006",
          "display" : "Onkruid stuifmeel"
        },
        {
          "system" : "http://snomed.info/sct",
          "code" : "119417004",
          "display" : "Organofosforverbinding (insecticide)"
        },
        {
          "system" : "http://snomed.info/sct",
          "code" : "256417003",
          "display" : "Paard huidschilfers"
        },
        {
          "system" : "http://snomed.info/sct",
          "code" : "255667006",
          "display" : "Paraffine"
        },
        {
          "system" : "http://snomed.info/sct",
          "code" : "418785009",
          "display" : "Parfum"
        },
        {
          "system" : "http://snomed.info/sct",
          "code" : "31006001",
          "display" : "Planten"
        },
        {
          "system" : "http://snomed.info/sct",
          "code" : "387398009",
          "display" : "Podophyllin"
        },
        {
          "system" : "http://snomed.info/sct",
          "code" : "256259004",
          "display" : "Pollen"
        },
        {
          "system" : "http://snomed.info/sct",
          "code" : "83619009",
          "display" : "Polyvinylalcohol"
        },
        {
          "system" : "http://snomed.info/sct",
          "code" : "311846002",
          "display" : "Pyrethroïde insecticide"
        },
        {
          "system" : "http://snomed.info/sct",
          "code" : "43230003",
          "display" : "Rubber"
        },
        {
          "system" : "http://snomed.info/sct",
          "code" : "116549003",
          "display" : "Samengestelde organochlore (bestrijdingsmiddelen)"
        },
        {
          "system" : "http://terminology.hl7.org/CodeSystem/v3-NullFlavor",
          "code" : "OTH",
          "display" : "other"
        }]
      }
    }
  },
  {
    "fullUrl" : "https://www.ehealth.fgov.be/standards/fhir/ValueSet/be-riskmanifestation",
    "resource" : {
      "resourceType" : "ValueSet",
      "id" : "be-riskmanifestation",
      "text" : {
        "status" : "generated",
        "div" : "<div xmlns=\"http://www.w3.org/1999/xhtml\"><p>This value set contains 30 concepts</p><p style=\"border: black 1px dotted; background-color: #EEEEEE; padding: 8px\">Expansion based on http://terminology.hl7.org/CodeSystem/v3-NullFlavor version 2018-08-12</p><table class=\"codes\"><tr><td style=\"white-space:nowrap\"><b>Code</b></td><td><b>System</b></td><td><b>Display</b></td><td><b>Definition</b></td></tr><tr><td style=\"white-space:nowrap\"><a name=\"http---snomed.info-sct-39579001\"> </a><a href=\"http://browser.ihtsdotools.org/?perspective=full&amp;conceptId1=39579001\">39579001</a></td><td>http://snomed.info/sct</td><td>anafylaxie</td><td/></tr><tr><td style=\"white-space:nowrap\"><a name=\"http---snomed.info-sct-41291007\"> </a><a href=\"http://browser.ihtsdotools.org/?perspective=full&amp;conceptId1=41291007\">41291007</a></td><td>http://snomed.info/sct</td><td>angio-oedeem</td><td/></tr><tr><td style=\"white-space:nowrap\"><a name=\"http---snomed.info-sct-195967001\"> </a><a href=\"http://browser.ihtsdotools.org/?perspective=full&amp;conceptId1=195967001\">195967001</a></td><td>http://snomed.info/sct</td><td>astma</td><td/></tr><tr><td style=\"white-space:nowrap\"><a name=\"http---snomed.info-sct-24079001\"> </a><a href=\"http://browser.ihtsdotools.org/?perspective=full&amp;conceptId1=24079001\">24079001</a></td><td>http://snomed.info/sct</td><td>Atopische dermatitis</td><td/></tr><tr><td style=\"white-space:nowrap\"><a name=\"http---snomed.info-sct-4386001\"> </a><a href=\"http://browser.ihtsdotools.org/?perspective=full&amp;conceptId1=4386001\">4386001</a></td><td>http://snomed.info/sct</td><td>Bronchospasme</td><td/></tr><tr><td style=\"white-space:nowrap\"><a name=\"http---snomed.info-sct-271759003\"> </a><a href=\"http://browser.ihtsdotools.org/?perspective=full&amp;conceptId1=271759003\">271759003</a></td><td>http://snomed.info/sct</td><td>Bulleuze eruptie</td><td/></tr><tr><td style=\"white-space:nowrap\"><a name=\"http---snomed.info-sct-698247007\"> </a><a href=\"http://browser.ihtsdotools.org/?perspective=full&amp;conceptId1=698247007\">698247007</a></td><td>http://snomed.info/sct</td><td>Hartritmestoornis</td><td/></tr><tr><td style=\"white-space:nowrap\"><a name=\"http---snomed.info-sct-410430005\"> </a><a href=\"http://browser.ihtsdotools.org/?perspective=full&amp;conceptId1=410430005\">410430005</a></td><td>http://snomed.info/sct</td><td>Cardiorespiratoire stilstand</td><td/></tr><tr><td style=\"white-space:nowrap\"><a name=\"http---snomed.info-sct-9826008\"> </a><a href=\"http://browser.ihtsdotools.org/?perspective=full&amp;conceptId1=9826008\">9826008</a></td><td>http://snomed.info/sct</td><td>conjonctivitis</td><td/></tr><tr><td style=\"white-space:nowrap\"><a name=\"http---snomed.info-sct-49727002\"> </a><a href=\"http://browser.ihtsdotools.org/?perspective=full&amp;conceptId1=49727002\">49727002</a></td><td>http://snomed.info/sct</td><td>hoest</td><td/></tr><tr><td style=\"white-space:nowrap\"><a name=\"http---snomed.info-sct-62315008\"> </a><a href=\"http://browser.ihtsdotools.org/?perspective=full&amp;conceptId1=62315008\">62315008</a></td><td>http://snomed.info/sct</td><td>diarree</td><td/></tr><tr><td style=\"white-space:nowrap\"><a name=\"http---snomed.info-sct-702809001\"> </a><a href=\"http://browser.ihtsdotools.org/?perspective=full&amp;conceptId1=702809001\">702809001</a></td><td>http://snomed.info/sct</td><td>Drug eruption met eosinofilie \nen systemische symptomen</td><td/></tr><tr><td style=\"white-space:nowrap\"><a name=\"http---snomed.info-sct-162290004\"> </a><a href=\"http://browser.ihtsdotools.org/?perspective=full&amp;conceptId1=162290004\">162290004</a></td><td>http://snomed.info/sct</td><td>droge ogen</td><td/></tr><tr><td style=\"white-space:nowrap\"><a name=\"http---snomed.info-sct-267036007\"> </a><a href=\"http://browser.ihtsdotools.org/?perspective=full&amp;conceptId1=267036007\">267036007</a></td><td>http://snomed.info/sct</td><td>kortademigheid</td><td/></tr><tr><td style=\"white-space:nowrap\"><a name=\"http---snomed.info-sct-43116000\"> </a><a href=\"http://browser.ihtsdotools.org/?perspective=full&amp;conceptId1=43116000\">43116000</a></td><td>http://snomed.info/sct</td><td>Eczeem</td><td/></tr><tr><td style=\"white-space:nowrap\"><a name=\"http---snomed.info-sct-418363000\"> </a><a href=\"http://browser.ihtsdotools.org/?perspective=full&amp;conceptId1=418363000\">418363000</a></td><td>http://snomed.info/sct</td><td>jeuk</td><td/></tr><tr><td style=\"white-space:nowrap\"><a name=\"http---snomed.info-sct-422587007\"> </a><a href=\"http://browser.ihtsdotools.org/?perspective=full&amp;conceptId1=422587007\">422587007</a></td><td>http://snomed.info/sct</td><td>Misselijkheid</td><td/></tr><tr><td style=\"white-space:nowrap\"><a name=\"http---snomed.info-sct-359610006\"> </a><a href=\"http://browser.ihtsdotools.org/?perspective=full&amp;conceptId1=359610006\">359610006</a></td><td>http://snomed.info/sct</td><td>Oogbeschadigingen en/of hyperemia</td><td/></tr><tr><td style=\"white-space:nowrap\"><a name=\"http---snomed.info-sct-51599000\"> </a><a href=\"http://browser.ihtsdotools.org/?perspective=full&amp;conceptId1=51599000\">51599000</a></td><td>http://snomed.info/sct</td><td>Oedeem van het strottenhoofd</td><td/></tr><tr><td style=\"white-space:nowrap\"><a name=\"http---snomed.info-sct-271757001\"> </a><a href=\"http://browser.ihtsdotools.org/?perspective=full&amp;conceptId1=271757001\">271757001</a></td><td>http://snomed.info/sct</td><td>Papulaire uitbarsting</td><td/></tr><tr><td style=\"white-space:nowrap\"><a name=\"http---snomed.info-sct-70076002\"> </a><a href=\"http://browser.ihtsdotools.org/?perspective=full&amp;conceptId1=70076002\">70076002</a></td><td>http://snomed.info/sct</td><td>Rinitis</td><td/></tr><tr><td style=\"white-space:nowrap\"><a name=\"http---snomed.info-sct-91175000\"> </a><a href=\"http://browser.ihtsdotools.org/?perspective=full&amp;conceptId1=91175000\">91175000</a></td><td>http://snomed.info/sct</td><td>Epileptische aanval</td><td/></tr><tr><td style=\"white-space:nowrap\"><a name=\"http---snomed.info-sct-76067001\"> </a><a href=\"http://browser.ihtsdotools.org/?perspective=full&amp;conceptId1=76067001\">76067001</a></td><td>http://snomed.info/sct</td><td>Niezen</td><td/></tr><tr><td style=\"white-space:nowrap\"><a name=\"http---snomed.info-sct-73442001\"> </a><a href=\"http://browser.ihtsdotools.org/?perspective=full&amp;conceptId1=73442001\">73442001</a></td><td>http://snomed.info/sct</td><td>Stevens-Johnson syndroom</td><td/></tr><tr><td style=\"white-space:nowrap\"><a name=\"http---snomed.info-sct-23924001\"> </a><a href=\"http://browser.ihtsdotools.org/?perspective=full&amp;conceptId1=23924001\">23924001</a></td><td>http://snomed.info/sct</td><td>beklemmende borst</td><td/></tr><tr><td style=\"white-space:nowrap\"><a name=\"http---snomed.info-sct-126485001\"> </a><a href=\"http://browser.ihtsdotools.org/?perspective=full&amp;conceptId1=126485001\">126485001</a></td><td>http://snomed.info/sct</td><td>netelroos</td><td/></tr><tr><td style=\"white-space:nowrap\"><a name=\"http---snomed.info-sct-31996006\"> </a><a href=\"http://browser.ihtsdotools.org/?perspective=full&amp;conceptId1=31996006\">31996006</a></td><td>http://snomed.info/sct</td><td>Vasculitis</td><td/></tr><tr><td style=\"white-space:nowrap\"><a name=\"http---snomed.info-sct-1985008\"> </a><a href=\"http://browser.ihtsdotools.org/?perspective=full&amp;conceptId1=1985008\">1985008</a></td><td>http://snomed.info/sct</td><td>braken</td><td/></tr><tr><td style=\"white-space:nowrap\"><a name=\"http---snomed.info-sct-247472004\"> </a><a href=\"http://browser.ihtsdotools.org/?perspective=full&amp;conceptId1=247472004\">247472004</a></td><td>http://snomed.info/sct</td><td>Huiduitslag</td><td/></tr><tr><td style=\"white-space:nowrap\"><a name=\"http---terminology.hl7.org-CodeSystem-v3-NullFlavor-OTH\"> </a><a href=\"http://hl7.org/fhir/R4/v3/NullFlavor/cs.html#v3-NullFlavor-OTH\">OTH</a></td><td>http://terminology.hl7.org/CodeSystem/v3-NullFlavor</td><td>other</td><td>Description:The actual value is not a member of the set of permitted data values in the constrained value domain of a variable. (e.g., concept not provided by required code system).\r\n\n                        \n                           Usage Notes: This flavor and its specializations are most commonly used with the CD datatype and its flavors.  However, it may apply to *any* datatype where the constraints of the type are tighter than can be conveyed.  For example, a PQ that is for a true measured amount whose units are not supported in UCUM, a need to convey a REAL when the type has been constrained to INT, etc.\r\n\n                        With coded datatypes, this null flavor may only be used if the vocabulary binding has a coding strength of CNE.  By definition, all local codes and original text are part of the value set if the coding strength is CWE.</td></tr></table></div>"
      },
      "url" : "https://www.ehealth.fgov.be/standards/fhir/ValueSet/be-riskmanifestation",
      "version" : "1.0.0",
      "name" : "BeRiskManifestation",
      "status" : "draft",
      "date" : "2019-11-16T14:36:34+01:00",
      "publisher" : "HL7 Belgium",
      "contact" : [{
        "telecom" : [{
          "system" : "other",
          "value" : "http://hl7.org/Special/committees/fiwg"
        }]
      }],
      "description" : "Codes as communicated by NIHDI differentiating types of risk manifestation. This valueset supports the Belgian federal FHIR profiling effort.",
      "jurisdiction" : [{
        "coding" : [{
          "system" : "http://unstats.un.org/unsd/methods/m49/m49.htm",
          "code" : "001"
        }]
      }],
      "expansion" : {
        "identifier" : "urn:uuid:fb212b20-733e-42f3-b08e-8b74b222a3f1",
        "timestamp" : "2019-11-16T14:36:51+01:00",
        "total" : 30,
        "parameter" : [{
          "name" : "excludeNested",
          "valueBoolean" : false
        },
        {
          "name" : "limitedExpansion",
          "valueString" : "-1"
        },
        {
          "name" : "version",
          "valueString" : "http://snomed.info/sct?version=http://snomed.info/sct/20611000087101/version/20190430"
        },
        {
          "name" : "version",
          "valueUri" : "http://terminology.hl7.org/CodeSystem/v3-NullFlavor|2018-08-12"
        }],
        "contains" : [{
          "system" : "http://snomed.info/sct",
          "code" : "39579001",
          "display" : "anafylaxie"
        },
        {
          "system" : "http://snomed.info/sct",
          "code" : "41291007",
          "display" : "angio-oedeem"
        },
        {
          "system" : "http://snomed.info/sct",
          "code" : "195967001",
          "display" : "astma"
        },
        {
          "system" : "http://snomed.info/sct",
          "code" : "24079001",
          "display" : "Atopische dermatitis"
        },
        {
          "system" : "http://snomed.info/sct",
          "code" : "4386001",
          "display" : "Bronchospasme"
        },
        {
          "system" : "http://snomed.info/sct",
          "code" : "271759003",
          "display" : "Bulleuze eruptie"
        },
        {
          "system" : "http://snomed.info/sct",
          "code" : "698247007",
          "display" : "Hartritmestoornis"
        },
        {
          "system" : "http://snomed.info/sct",
          "code" : "410430005",
          "display" : "Cardiorespiratoire stilstand"
        },
        {
          "system" : "http://snomed.info/sct",
          "code" : "9826008",
          "display" : "conjonctivitis"
        },
        {
          "system" : "http://snomed.info/sct",
          "code" : "49727002",
          "display" : "hoest"
        },
        {
          "system" : "http://snomed.info/sct",
          "code" : "62315008",
          "display" : "diarree"
        },
        {
          "system" : "http://snomed.info/sct",
          "code" : "702809001",
          "display" : "Drug eruption met eosinofilie \nen systemische symptomen"
        },
        {
          "system" : "http://snomed.info/sct",
          "code" : "162290004",
          "display" : "droge ogen"
        },
        {
          "system" : "http://snomed.info/sct",
          "code" : "267036007",
          "display" : "kortademigheid"
        },
        {
          "system" : "http://snomed.info/sct",
          "code" : "43116000",
          "display" : "Eczeem"
        },
        {
          "system" : "http://snomed.info/sct",
          "code" : "418363000",
          "display" : "jeuk"
        },
        {
          "system" : "http://snomed.info/sct",
          "code" : "422587007",
          "display" : "Misselijkheid"
        },
        {
          "system" : "http://snomed.info/sct",
          "code" : "359610006",
          "display" : "Oogbeschadigingen en/of hyperemia"
        },
        {
          "system" : "http://snomed.info/sct",
          "code" : "51599000",
          "display" : "Oedeem van het strottenhoofd"
        },
        {
          "system" : "http://snomed.info/sct",
          "code" : "271757001",
          "display" : "Papulaire uitbarsting"
        },
        {
          "system" : "http://snomed.info/sct",
          "code" : "70076002",
          "display" : "Rinitis"
        },
        {
          "system" : "http://snomed.info/sct",
          "code" : "91175000",
          "display" : "Epileptische aanval"
        },
        {
          "system" : "http://snomed.info/sct",
          "code" : "76067001",
          "display" : "Niezen"
        },
        {
          "system" : "http://snomed.info/sct",
          "code" : "73442001",
          "display" : "Stevens-Johnson syndroom"
        },
        {
          "system" : "http://snomed.info/sct",
          "code" : "23924001",
          "display" : "beklemmende borst"
        },
        {
          "system" : "http://snomed.info/sct",
          "code" : "126485001",
          "display" : "netelroos"
        },
        {
          "system" : "http://snomed.info/sct",
          "code" : "31996006",
          "display" : "Vasculitis"
        },
        {
          "system" : "http://snomed.info/sct",
          "code" : "1985008",
          "display" : "braken"
        },
        {
          "system" : "http://snomed.info/sct",
          "code" : "247472004",
          "display" : "Huiduitslag"
        },
        {
          "system" : "http://terminology.hl7.org/CodeSystem/v3-NullFlavor",
          "code" : "OTH",
          "display" : "other"
        }]
      }
    }
  }]
}